File Name,Species,Site,Body Part,BS_Reviewer 1,WS_Reviewer 1,BS_Reviewer 2,WS_Reviewer 2
AQ_Spaurofrenatum_TP_2021-06-19_124852_001,Spaurofrenatum,Aquarius ,Total,29,8,33,8
AQ_Spaurofrenatum_TP_2021-06-19_131334_001,Spaurofrenatum,Aquarius ,Total,4,2,4,2
AQ_Spaurofrenatum_TP_2021-06-19_134230_001,Spaurofrenatum,Aquarius ,Total,17,4,14,4
AQ_Spaurofrenatum_TP_2021-06-19_150330_001,Spaurofrenatum,Aquarius ,Total,11,13,10,10
AQ_Spaurofrenatum_TP_2021-06-19_152807_001,Spaurofrenatum,Aquarius ,Total,7,8,6,9
AQ_Spaurofrenatum_TP_2021-06-19_155228_001,Spaurofrenatum,Aquarius ,Total,11,0,14,0
AQ_Spaurofrenatum_TP_2021-06-21_110436_001,Spaurofrenatum,Aquarius ,Total,13,6,12,6
AQ_Spaurofrenatum_TP_2021-06-21_113029_001,Spaurofrenatum,Aquarius ,Total,1,0,1,0
AQ_Spaurofrenatum_TP_2021-06-21_115636_001,Spaurofrenatum,Aquarius ,Total,13,2,13,3
AQ_Spaurofrenatum_TP_2021-06-21_134410_001,Spaurofrenatum,Aquarius ,Total,16,0,15,1
IV_Spaurofrenatum_TP_2021-06-18_105832_001,Spaurofrenatum,Invisibles ,Total,13,18,10,18
IV_Spaurofrenatum_TP_2021-06-18_112244_001,Spaurofrenatum,Invisibles ,Total,21,14,21,13
IV_Spaurofrenatum_TP_2021-06-18_114705_001,Spaurofrenatum,Invisibles ,Total,51,10,51,10
IV_Spaurofrenatum_TP_2021-06-18_121229_001,Spaurofrenatum,Invisibles ,Total,13,9,6,9
IV_Spaurofrenatum_TP_2021-06-18_135800_001,Spaurofrenatum,Invisibles ,Total,3,7,3,5
IV_Spaurofrenatum_TP_2021-06-18_142311_001,Spaurofrenatum,Invisibles ,Total,15,5,15,5
IV_Spaurofrenatum_TP_2021-06-18_144852_001,Spaurofrenatum,Invisibles ,Total,5,9,4,9
IV_Spaurofrenatum_TP_2021-06-19_110307_001,Spaurofrenatum,Invisibles ,Total,18,16,18,13
IV_Spaurofrenatum_TP_2021-06-19_112940_001,Spaurofrenatum,Invisibles ,Total,7,1,7,1
AQ_Sctaeniopterus_TP_2021-06-13_104650_001,Sctaeniopterus ,Aquarius ,Total,0,4,0,6
AQ_Sctaeniopterus_TP_2021-06-13_110953_001,Sctaeniopterus ,Aquarius ,Total,0,4,0,4
AQ_Sctaeniopterus_TP_2021-06-13_113339_001,Sctaeniopterus ,Aquarius ,Total,0,3,,3
AQ_Sctaeniopterus_TP_2021-06-13_115538_001,Sctaeniopterus ,Aquarius ,Total,0,3,2,5
AQ_Sctaeniopterus_TP_2021-06-13_135724_001,Sctaeniopterus ,Aquarius ,Total,0,2,0,0
AQ_Sctaeniopterus_TP_2021-06-13_142110_001,Sctaeniopterus ,Aquarius ,Total,0,25,0,21
AQ_Sctaeniopterus_TP_2021-06-13_144603_001,Sctaeniopterus ,Aquarius ,Total,0,2,0,3
AQ_Sctaeniopterus_TP_2021-06-13_150500_001,Sctaeniopterus ,Aquarius ,Total,0,0,0,0
AQ_Sctaeniopterus_TP_2021-06-14_104539_001,Sctaeniopterus ,Aquarius ,Total,0,6,0,5
AQ_Sctaeniopterus_TP_2021-06-14_110902_001,Sctaeniopterus ,Aquarius ,Total,0,1,0,1
AQ_Sctaeniopterus_TP_2021-06-14_113532_001,Sctaeniopterus ,Aquarius ,Total,0,0,0,0
AQ_Sctaeniopterus_TP_2021-06-14_132704_001,Sctaeniopterus ,Aquarius ,Total,0,0,0,0
AQ_Sctaeniopterus_TP_2021-06-14_135125_001,Sctaeniopterus ,Aquarius ,Total,0,3,0,4
AQ_Sctaeniopterus_TP_2021-06-14_141427_001,Sctaeniopterus ,Aquarius ,Total,1,2,1,2
AQ_Sctaeniopterus_TP_2021-06-14_144014_001,Sctaeniopterus ,Aquarius ,Total,0,5,0,4
AQ_Sctaeniopterus_TP_2021-06-17_103428_001,Sctaeniopterus ,Aquarius ,Total,0,46,0,42
AQ_Sctaeniopterus_TP_2021-06-17_110014_001,Sctaeniopterus ,Aquarius ,Total,0,5,0,3
AQ_Sctaeniopterus_TP_2021-06-17_112229_001,Sctaeniopterus ,Aquarius ,Total,0,1,0,1
AQ_Sctaeniopterus_TP_2021-06-17_130527_001,Sctaeniopterus ,Aquarius ,Total,0,0,0,0
AQ_Sctaeniopterus_TP_2021-06-17_132934_001,Sctaeniopterus ,Aquarius ,Total,0,13,0,14
AQ_Sctaeniopterus_TP_2021-06-17_135406_001,Sctaeniopterus ,Aquarius ,Total,0,8,0,9
AQ_Sctaeniopterus_TP_2021-06-17_141728_002,Sctaeniopterus ,Aquarius ,Total,0,0,0,3
IV_Sctaeniopterus_TP_2021-06-10_111339_001,Sctaeniopterus ,Invisibles ,Total,0,1,0,1
IV_Sctaeniopterus_TP_2021-06-10_113726_001,Sctaeniopterus ,Invisibles ,Total,1,5,1,6
IV_Sctaeniopterus_TP_2021-06-10_120220_001,Sctaeniopterus ,Invisibles ,Total,2,5,3,6
IV_Sctaeniopterus_TP_2021-06-10_122626_001,Sctaeniopterus ,Invisibles ,Total,2,3,4,4
IV_Sctaeniopterus_TP_2021-06-10_142524_001,Sctaeniopterus ,Invisibles ,Total,2,42,4,50
IV_Sctaeniopterus_TP_2021-06-10_144925_001,Sctaeniopterus ,Invisibles ,Total,0,1,2,5
IV_Sctaeniopterus_TP_2021-06-10_151516_001,Sctaeniopterus ,Invisibles ,Total,0,9,0,18
IV_Sctaeniopterus_TP_2021-06-12_111439_001,Sctaeniopterus ,Invisibles ,Total,0,2,0,3
IV_Sctaeniopterus_TP_2021-06-12_113838_001,Sctaeniopterus ,Invisibles ,Total,0,78,3,91
IV_Sctaeniopterus_TP_2021-06-12_120133_001,Sctaeniopterus ,Invisibles ,Total,0,13,0,15
IV_Sctaeniopterus_TP_2021-06-12_122722_001,Sctaeniopterus ,Invisibles ,Total,0,5,3,5
IV_Sctaeniopterus_TP_2021-06-12_142944_001,Sctaeniopterus ,Invisibles ,Total,1,24,1,24
IV_Sctaeniopterus_TP_2021-06-12_145254_001,Sctaeniopterus ,Invisibles ,Total,2,5,2,3
IV_Sctaeniopterus_TP_2021-06-12_151745_001,Sctaeniopterus ,Invisibles ,Total,0,11,0,9
IV_Sctaeniopterus_TP_2021-07-01_153219_001,Sctaeniopterus ,Invisibles ,Total,1,24,1,20
IV_Sctaeniopterus_TP_2021-07-01_151944_001,Sctaeniopterus ,Invisibles ,Total,0,6,0,4
IV_Sctaeniopterus_TP_2021-07-01_154516_001,Sctaeniopterus ,Invisibles ,Total,0,18,0,19
