Observation id,Observation date,Description,Media file,Total length,FPS,Subject,Behavior,Behavioral category,Modifiers,Behavior type,Start (s),Stop (s),Duration (s),Comment start,Comment stop
training video set 1,6/6/2025 14:51,,/Users/ally/Documents/johnson lab/boris training/AQ_Sctaeniopterus_TP_2021-06-14_104539_001.MP4,1192.66,23.98,No focal subject,Watch Time,Time Keeping,102540,POINT,2.909,2.909,NA,,
training video set 1,6/6/2025 14:51,,/Users/ally/Documents/johnson lab/boris training/AQ_Sctaeniopterus_TP_2021-06-14_104539_001.MP4,1192.66,23.98,No focal subject,START/STOP,Time Keeping,,STATE,6.907,1190.353,1183.446,,
AQ_Sctaeniopterus_TP_2021-06-14_104539,6/6/2025 14:51,,/Users/ally/Documents/johnson lab/boris training/AQ_Sctaeniopterus_TP_2021-06-14_104539_001.MP4,1192.66,23.98,No focal subject,Bite,Foraging,Feces|None|None,POINT,20.42,20.42,NA,,
AQ_Sctaeniopterus_TP_2021-06-14_104539,6/6/2025 14:51,,/Users/ally/Documents/johnson lab/boris training/AQ_Sctaeniopterus_TP_2021-06-14_104539_001.MP4,1192.66,23.98,No focal subject,Bite,Foraging,Feces|None|None,POINT,27.926,27.926,NA,,
AQ_Sctaeniopterus_TP_2021-06-14_104539,6/6/2025 14:51,,/Users/ally/Documents/johnson lab/boris training/AQ_Sctaeniopterus_TP_2021-06-14_104539_001.MP4,1192.66,23.98,No focal subject,Bite,Foraging,Feces|None|None,POINT,30.424,30.424,NA,,
AQ_Sctaeniopterus_TP_2021-06-14_104539,6/6/2025 14:51,,/Users/ally/Documents/johnson lab/boris training/AQ_Sctaeniopterus_TP_2021-06-14_104539_001.MP4,1192.66,23.98,No focal subject,Bite,Foraging,None|None|None,POINT,47.689,47.689,NA,,
AQ_Sctaeniopterus_TP_2021-06-14_104539,6/6/2025 14:51,,/Users/ally/Documents/johnson lab/boris training/AQ_Sctaeniopterus_TP_2021-06-14_104539_001.MP4,1192.66,23.98,No focal subject,Bite,Foraging,None|None|None,POINT,48.69,48.69,NA,,
AQ_Sctaeniopterus_TP_2021-06-14_104539,6/6/2025 14:51,,/Users/ally/Documents/johnson lab/boris training/AQ_Sctaeniopterus_TP_2021-06-14_104539_001.MP4,1192.66,23.98,No focal subject,Bite,Foraging,None|None|None,POINT,51.941,51.941,NA,,
AQ_Sctaeniopterus_TP_2021-06-14_104539,6/6/2025 14:51,,/Users/ally/Documents/johnson lab/boris training/AQ_Sctaeniopterus_TP_2021-06-14_104539_001.MP4,1192.66,23.98,No focal subject,Bite,Foraging,None|None|None,POINT,52.441,52.441,NA,,
AQ_Sctaeniopterus_TP_2021-06-14_104539,6/6/2025 14:51,,/Users/ally/Documents/johnson lab/boris training/AQ_Sctaeniopterus_TP_2021-06-14_104539_001.MP4,1192.66,23.98,No focal subject,Bite,Foraging,None|None|None,POINT,52.94,52.94,NA,,
AQ_Sctaeniopterus_TP_2021-06-14_104539,6/6/2025 14:51,,/Users/ally/Documents/johnson lab/boris training/AQ_Sctaeniopterus_TP_2021-06-14_104539_001.MP4,1192.66,23.98,No focal subject,Bite,Foraging,None|None|None,POINT,53.954,53.954,NA,,
AQ_Sctaeniopterus_TP_2021-06-14_104539,6/6/2025 14:51,,/Users/ally/Documents/johnson lab/boris training/AQ_Sctaeniopterus_TP_2021-06-14_104539_001.MP4,1192.66,23.98,No focal subject,Bite,Foraging,None|None|None,POINT,54.455,54.455,NA,,
AQ_Sctaeniopterus_TP_2021-06-14_104539,6/6/2025 14:51,,/Users/ally/Documents/johnson lab/boris training/AQ_Sctaeniopterus_TP_2021-06-14_104539_001.MP4,1192.66,23.98,No focal subject,Bite,Foraging,None|None|None,POINT,55.449,55.449,NA,,
AQ_Sctaeniopterus_TP_2021-06-14_104539,6/6/2025 14:51,,/Users/ally/Documents/johnson lab/boris training/AQ_Sctaeniopterus_TP_2021-06-14_104539_001.MP4,1192.66,23.98,No focal subject,Bite,Foraging,None|None|None,POINT,55.95,55.95,NA,,
AQ_Sctaeniopterus_TP_2021-06-14_104539,6/6/2025 14:51,,/Users/ally/Documents/johnson lab/boris training/AQ_Sctaeniopterus_TP_2021-06-14_104539_001.MP4,1192.66,23.98,No focal subject,Bite,Foraging,None|None|None,POINT,56.702,56.702,NA,,
AQ_Sctaeniopterus_TP_2021-06-14_104539,6/6/2025 14:51,,/Users/ally/Documents/johnson lab/boris training/AQ_Sctaeniopterus_TP_2021-06-14_104539_001.MP4,1192.66,23.98,No focal subject,Bite,Foraging,None|None|None,POINT,57.455,57.455,NA,,
AQ_Sctaeniopterus_TP_2021-06-14_104539,6/6/2025 14:51,,/Users/ally/Documents/johnson lab/boris training/AQ_Sctaeniopterus_TP_2021-06-14_104539_001.MP4,1192.66,23.98,No focal subject,Bite,Foraging,None|None|None,POINT,57.703,57.703,NA,,
AQ_Sctaeniopterus_TP_2021-06-14_104539,6/6/2025 14:51,,/Users/ally/Documents/johnson lab/boris training/AQ_Sctaeniopterus_TP_2021-06-14_104539_001.MP4,1192.66,23.98,No focal subject,Bite,Foraging,None|None|None,POINT,59.453,59.453,NA,,
AQ_Sctaeniopterus_TP_2021-06-14_104539,6/6/2025 14:51,,/Users/ally/Documents/johnson lab/boris training/AQ_Sctaeniopterus_TP_2021-06-14_104539_001.MP4,1192.66,23.98,No focal subject,Bite,Foraging,None|None|None,POINT,60.201,60.201,NA,,
AQ_Sctaeniopterus_TP_2021-06-14_104539,6/6/2025 14:51,,/Users/ally/Documents/johnson lab/boris training/AQ_Sctaeniopterus_TP_2021-06-14_104539_001.MP4,1192.66,23.98,No focal subject,Bite,Foraging,None|None|None,POINT,60.95,60.95,NA,,
AQ_Sctaeniopterus_TP_2021-06-14_104539,6/6/2025 14:51,,/Users/ally/Documents/johnson lab/boris training/AQ_Sctaeniopterus_TP_2021-06-14_104539_001.MP4,1192.66,23.98,No focal subject,Bite,Foraging,None|None|None,POINT,61.699,61.699,NA,,
AQ_Sctaeniopterus_TP_2021-06-14_104539,6/6/2025 14:51,,/Users/ally/Documents/johnson lab/boris training/AQ_Sctaeniopterus_TP_2021-06-14_104539_001.MP4,1192.66,23.98,No focal subject,Bite,Foraging,None|None|None,POINT,62.454,62.454,NA,,
AQ_Sctaeniopterus_TP_2021-06-14_104539,6/6/2025 14:51,,/Users/ally/Documents/johnson lab/boris training/AQ_Sctaeniopterus_TP_2021-06-14_104539_001.MP4,1192.66,23.98,No focal subject,Bite,Foraging,None|None|None,POINT,63.703,63.703,NA,,
AQ_Sctaeniopterus_TP_2021-06-14_104539,6/6/2025 14:51,,/Users/ally/Documents/johnson lab/boris training/AQ_Sctaeniopterus_TP_2021-06-14_104539_001.MP4,1192.66,23.98,No focal subject,Bite,Foraging,None|None|None,POINT,64.206,64.206,NA,,
AQ_Sctaeniopterus_TP_2021-06-14_104539,6/6/2025 14:51,,/Users/ally/Documents/johnson lab/boris training/AQ_Sctaeniopterus_TP_2021-06-14_104539_001.MP4,1192.66,23.98,No focal subject,Bite,Foraging,None|None|None,POINT,64.706,64.706,NA,,
AQ_Sctaeniopterus_TP_2021-06-14_104539,6/6/2025 14:51,,/Users/ally/Documents/johnson lab/boris training/AQ_Sctaeniopterus_TP_2021-06-14_104539_001.MP4,1192.66,23.98,No focal subject,Bite,Foraging,None|None|None,POINT,65.955,65.955,NA,,
AQ_Sctaeniopterus_TP_2021-06-14_104539,6/6/2025 14:51,,/Users/ally/Documents/johnson lab/boris training/AQ_Sctaeniopterus_TP_2021-06-14_104539_001.MP4,1192.66,23.98,No focal subject,Bite,Foraging,None|None|None,POINT,66.706,66.706,NA,,
AQ_Sctaeniopterus_TP_2021-06-14_104539,6/6/2025 14:51,,/Users/ally/Documents/johnson lab/boris training/AQ_Sctaeniopterus_TP_2021-06-14_104539_001.MP4,1192.66,23.98,No focal subject,Bite,Foraging,None|None|None,POINT,70.707,70.707,NA,,
AQ_Sctaeniopterus_TP_2021-06-14_104539,6/6/2025 14:51,,/Users/ally/Documents/johnson lab/boris training/AQ_Sctaeniopterus_TP_2021-06-14_104539_001.MP4,1192.66,23.98,No focal subject,Bite,Foraging,None|None|None,POINT,84.454,84.454,NA,,
AQ_Sctaeniopterus_TP_2021-06-14_104539,6/6/2025 14:51,,/Users/ally/Documents/johnson lab/boris training/AQ_Sctaeniopterus_TP_2021-06-14_104539_001.MP4,1192.66,23.98,No focal subject,Bite,Foraging,None|None|None,POINT,85.206,85.206,NA,,
AQ_Sctaeniopterus_TP_2021-06-14_104539,6/6/2025 14:51,,/Users/ally/Documents/johnson lab/boris training/AQ_Sctaeniopterus_TP_2021-06-14_104539_001.MP4,1192.66,23.98,No focal subject,Bite,Foraging,None|None|None,POINT,85.956,85.956,NA,,
AQ_Sctaeniopterus_TP_2021-06-14_104539,6/6/2025 14:51,,/Users/ally/Documents/johnson lab/boris training/AQ_Sctaeniopterus_TP_2021-06-14_104539_001.MP4,1192.66,23.98,No focal subject,Bite,Foraging,None|None|None,POINT,86.957,86.957,NA,,
AQ_Sctaeniopterus_TP_2021-06-14_104539,6/6/2025 14:51,,/Users/ally/Documents/johnson lab/boris training/AQ_Sctaeniopterus_TP_2021-06-14_104539_001.MP4,1192.66,23.98,No focal subject,Bite,Foraging,None|None|None,POINT,87.456,87.456,NA,,
AQ_Sctaeniopterus_TP_2021-06-14_104539,6/6/2025 14:51,,/Users/ally/Documents/johnson lab/boris training/AQ_Sctaeniopterus_TP_2021-06-14_104539_001.MP4,1192.66,23.98,No focal subject,Bite,Foraging,None|None|None,POINT,89.205,89.205,NA,,
AQ_Sctaeniopterus_TP_2021-06-14_104539,6/6/2025 14:51,,/Users/ally/Documents/johnson lab/boris training/AQ_Sctaeniopterus_TP_2021-06-14_104539_001.MP4,1192.66,23.98,No focal subject,Bite,Foraging,None|None|None,POINT,89.958,89.958,NA,,
AQ_Sctaeniopterus_TP_2021-06-14_104539,6/6/2025 14:51,,/Users/ally/Documents/johnson lab/boris training/AQ_Sctaeniopterus_TP_2021-06-14_104539_001.MP4,1192.66,23.98,No focal subject,Bite,Foraging,None|None|None,POINT,90.706,90.706,NA,,
AQ_Sctaeniopterus_TP_2021-06-14_104539,6/6/2025 14:51,,/Users/ally/Documents/johnson lab/boris training/AQ_Sctaeniopterus_TP_2021-06-14_104539_001.MP4,1192.66,23.98,No focal subject,Bite,Foraging,None|None|None,POINT,91.704,91.704,NA,,
AQ_Sctaeniopterus_TP_2021-06-14_104539,6/6/2025 14:51,,/Users/ally/Documents/johnson lab/boris training/AQ_Sctaeniopterus_TP_2021-06-14_104539_001.MP4,1192.66,23.98,No focal subject,Bite,Foraging,None|None|None,POINT,92.457,92.457,NA,,
AQ_Sctaeniopterus_TP_2021-06-14_104539,6/6/2025 14:51,,/Users/ally/Documents/johnson lab/boris training/AQ_Sctaeniopterus_TP_2021-06-14_104539_001.MP4,1192.66,23.98,No focal subject,Bite,Foraging,None|None|None,POINT,94.457,94.457,NA,,
AQ_Sctaeniopterus_TP_2021-06-14_104539,6/6/2025 14:51,,/Users/ally/Documents/johnson lab/boris training/AQ_Sctaeniopterus_TP_2021-06-14_104539_001.MP4,1192.66,23.98,No focal subject,Bite,Foraging,None|None|None,POINT,95.457,95.457,NA,,
AQ_Sctaeniopterus_TP_2021-06-14_104539,6/6/2025 14:51,,/Users/ally/Documents/johnson lab/boris training/AQ_Sctaeniopterus_TP_2021-06-14_104539_001.MP4,1192.66,23.98,No focal subject,Bite,Foraging,None|None|None,POINT,96.458,96.458,NA,,
AQ_Sctaeniopterus_TP_2021-06-14_104539,6/6/2025 14:51,,/Users/ally/Documents/johnson lab/boris training/AQ_Sctaeniopterus_TP_2021-06-14_104539_001.MP4,1192.66,23.98,No focal subject,Bite,Foraging,None|None|None,POINT,97.459,97.459,NA,,
AQ_Sctaeniopterus_TP_2021-06-14_104539,6/6/2025 14:51,,/Users/ally/Documents/johnson lab/boris training/AQ_Sctaeniopterus_TP_2021-06-14_104539_001.MP4,1192.66,23.98,No focal subject,Bite,Foraging,Feces|None|None,POINT,120.708,120.708,NA,,
AQ_Sctaeniopterus_TP_2021-06-14_104539,6/6/2025 14:51,,/Users/ally/Documents/johnson lab/boris training/AQ_Sctaeniopterus_TP_2021-06-14_104539_001.MP4,1192.66,23.98,No focal subject,Bite,Foraging,None|None|None,POINT,143.208,143.208,NA,,
AQ_Sctaeniopterus_TP_2021-06-14_104539,6/6/2025 14:51,,/Users/ally/Documents/johnson lab/boris training/AQ_Sctaeniopterus_TP_2021-06-14_104539_001.MP4,1192.66,23.98,No focal subject,Bite,Foraging,None|None|None,POINT,143.708,143.708,NA,,
AQ_Sctaeniopterus_TP_2021-06-14_104539,6/6/2025 14:51,,/Users/ally/Documents/johnson lab/boris training/AQ_Sctaeniopterus_TP_2021-06-14_104539_001.MP4,1192.66,23.98,No focal subject,Bite,Foraging,None|None|None,POINT,144.208,144.208,NA,,
AQ_Sctaeniopterus_TP_2021-06-14_104539,6/6/2025 14:51,,/Users/ally/Documents/johnson lab/boris training/AQ_Sctaeniopterus_TP_2021-06-14_104539_001.MP4,1192.66,23.98,No focal subject,Bite,Foraging,None|None|None,POINT,144.459,144.459,NA,,
AQ_Sctaeniopterus_TP_2021-06-14_104539,6/6/2025 14:51,,/Users/ally/Documents/johnson lab/boris training/AQ_Sctaeniopterus_TP_2021-06-14_104539_001.MP4,1192.66,23.98,No focal subject,Bite,Foraging,None|None|None,POINT,145.207,145.207,NA,,
AQ_Sctaeniopterus_TP_2021-06-14_104539,6/6/2025 14:51,,/Users/ally/Documents/johnson lab/boris training/AQ_Sctaeniopterus_TP_2021-06-14_104539_001.MP4,1192.66,23.98,No focal subject,Bite,Foraging,None|None|None,POINT,145.96,145.96,NA,,
AQ_Sctaeniopterus_TP_2021-06-14_104539,6/6/2025 14:51,,/Users/ally/Documents/johnson lab/boris training/AQ_Sctaeniopterus_TP_2021-06-14_104539_001.MP4,1192.66,23.98,No focal subject,Bite,Foraging,None|None|None,POINT,147.96,147.96,NA,,
AQ_Sctaeniopterus_TP_2021-06-14_104539,6/6/2025 14:51,,/Users/ally/Documents/johnson lab/boris training/AQ_Sctaeniopterus_TP_2021-06-14_104539_001.MP4,1192.66,23.98,No focal subject,Bite,Foraging,None|None|None,POINT,148.961,148.961,NA,,
AQ_Sctaeniopterus_TP_2021-06-14_104539,6/6/2025 14:51,,/Users/ally/Documents/johnson lab/boris training/AQ_Sctaeniopterus_TP_2021-06-14_104539_001.MP4,1192.66,23.98,No focal subject,Bite,Foraging,None|None|None,POINT,149.708,149.708,NA,,
AQ_Sctaeniopterus_TP_2021-06-14_104539,6/6/2025 14:51,,/Users/ally/Documents/johnson lab/boris training/AQ_Sctaeniopterus_TP_2021-06-14_104539_001.MP4,1192.66,23.98,No focal subject,Bite,Foraging,None|None|None,POINT,150.208,150.208,NA,,
AQ_Sctaeniopterus_TP_2021-06-14_104539,6/6/2025 14:51,,/Users/ally/Documents/johnson lab/boris training/AQ_Sctaeniopterus_TP_2021-06-14_104539_001.MP4,1192.66,23.98,No focal subject,Bite,Foraging,None|None|None,POINT,151.708,151.708,NA,,
AQ_Sctaeniopterus_TP_2021-06-14_104539,6/6/2025 14:51,,/Users/ally/Documents/johnson lab/boris training/AQ_Sctaeniopterus_TP_2021-06-14_104539_001.MP4,1192.66,23.98,No focal subject,Bite,Foraging,None|None|None,POINT,152.208,152.208,NA,,
AQ_Sctaeniopterus_TP_2021-06-14_104539,6/6/2025 14:51,,/Users/ally/Documents/johnson lab/boris training/AQ_Sctaeniopterus_TP_2021-06-14_104539_001.MP4,1192.66,23.98,No focal subject,Bite,Foraging,None|None|None,POINT,152.708,152.708,NA,,
AQ_Sctaeniopterus_TP_2021-06-14_104539,6/6/2025 14:51,,/Users/ally/Documents/johnson lab/boris training/AQ_Sctaeniopterus_TP_2021-06-14_104539_001.MP4,1192.66,23.98,No focal subject,Bite,Foraging,None|None|None,POINT,153.71,153.71,NA,,
AQ_Sctaeniopterus_TP_2021-06-14_104539,6/6/2025 14:51,,/Users/ally/Documents/johnson lab/boris training/AQ_Sctaeniopterus_TP_2021-06-14_104539_001.MP4,1192.66,23.98,No focal subject,Bite,Foraging,None|None|None,POINT,154.459,154.459,NA,,
AQ_Sctaeniopterus_TP_2021-06-14_104539,6/6/2025 14:51,,/Users/ally/Documents/johnson lab/boris training/AQ_Sctaeniopterus_TP_2021-06-14_104539_001.MP4,1192.66,23.98,No focal subject,Bite,Foraging,None|None|None,POINT,156.208,156.208,NA,,
AQ_Sctaeniopterus_TP_2021-06-14_104539,6/6/2025 14:51,,/Users/ally/Documents/johnson lab/boris training/AQ_Sctaeniopterus_TP_2021-06-14_104539_001.MP4,1192.66,23.98,No focal subject,Bite,Foraging,None|None|None,POINT,157.707,157.707,NA,,
AQ_Sctaeniopterus_TP_2021-06-14_104539,6/6/2025 14:51,,/Users/ally/Documents/johnson lab/boris training/AQ_Sctaeniopterus_TP_2021-06-14_104539_001.MP4,1192.66,23.98,No focal subject,Bite,Foraging,None|None|None,POINT,158.207,158.207,NA,,
AQ_Sctaeniopterus_TP_2021-06-14_104539,6/6/2025 14:51,,/Users/ally/Documents/johnson lab/boris training/AQ_Sctaeniopterus_TP_2021-06-14_104539_001.MP4,1192.66,23.98,No focal subject,Bite,Foraging,None|None|None,POINT,158.707,158.707,NA,,
AQ_Sctaeniopterus_TP_2021-06-14_104539,6/6/2025 14:51,,/Users/ally/Documents/johnson lab/boris training/AQ_Sctaeniopterus_TP_2021-06-14_104539_001.MP4,1192.66,23.98,No focal subject,Bite,Foraging,None|None|None,POINT,159.705,159.705,NA,,
AQ_Sctaeniopterus_TP_2021-06-14_104539,6/6/2025 14:51,,/Users/ally/Documents/johnson lab/boris training/AQ_Sctaeniopterus_TP_2021-06-14_104539_001.MP4,1192.66,23.98,No focal subject,Bite,Foraging,None|None|None,POINT,161.207,161.207,NA,,
AQ_Sctaeniopterus_TP_2021-06-14_104539,6/6/2025 14:51,,/Users/ally/Documents/johnson lab/boris training/AQ_Sctaeniopterus_TP_2021-06-14_104539_001.MP4,1192.66,23.98,No focal subject,Bite,Foraging,None|None|None,POINT,162.207,162.207,NA,,
AQ_Sctaeniopterus_TP_2021-06-14_104539,6/6/2025 14:51,,/Users/ally/Documents/johnson lab/boris training/AQ_Sctaeniopterus_TP_2021-06-14_104539_001.MP4,1192.66,23.98,No focal subject,Bite,Foraging,None|None|None,POINT,163.46,163.46,NA,,
AQ_Sctaeniopterus_TP_2021-06-14_104539,6/6/2025 14:51,,/Users/ally/Documents/johnson lab/boris training/AQ_Sctaeniopterus_TP_2021-06-14_104539_001.MP4,1192.66,23.98,No focal subject,Bite,Foraging,None|None|None,POINT,163.96,163.96,NA,,
AQ_Sctaeniopterus_TP_2021-06-14_104539,6/6/2025 14:51,,/Users/ally/Documents/johnson lab/boris training/AQ_Sctaeniopterus_TP_2021-06-14_104539_001.MP4,1192.66,23.98,No focal subject,Bite,Foraging,None|None|None,POINT,164.458,164.458,NA,,
AQ_Sctaeniopterus_TP_2021-06-14_104539,6/6/2025 14:51,,/Users/ally/Documents/johnson lab/boris training/AQ_Sctaeniopterus_TP_2021-06-14_104539_001.MP4,1192.66,23.98,No focal subject,Bite,Foraging,None|None|None,POINT,165.707,165.707,NA,,
AQ_Sctaeniopterus_TP_2021-06-14_104539,6/6/2025 14:51,,/Users/ally/Documents/johnson lab/boris training/AQ_Sctaeniopterus_TP_2021-06-14_104539_001.MP4,1192.66,23.98,No focal subject,Bite,Foraging,None|None|None,POINT,198.958,198.958,NA,,
AQ_Sctaeniopterus_TP_2021-06-14_104539,6/6/2025 14:51,,/Users/ally/Documents/johnson lab/boris training/AQ_Sctaeniopterus_TP_2021-06-14_104539_001.MP4,1192.66,23.98,No focal subject,Bite,Foraging,None|None|None,POINT,199.459,199.459,NA,,
AQ_Sctaeniopterus_TP_2021-06-14_104539,6/6/2025 14:51,,/Users/ally/Documents/johnson lab/boris training/AQ_Sctaeniopterus_TP_2021-06-14_104539_001.MP4,1192.66,23.98,No focal subject,Bite,Foraging,None|None|None,POINT,199.959,199.959,NA,,
AQ_Sctaeniopterus_TP_2021-06-14_104539,6/6/2025 14:51,,/Users/ally/Documents/johnson lab/boris training/AQ_Sctaeniopterus_TP_2021-06-14_104539_001.MP4,1192.66,23.98,No focal subject,Bite,Foraging,None|None|None,POINT,200.959,200.959,NA,,
AQ_Sctaeniopterus_TP_2021-06-14_104539,6/6/2025 14:51,,/Users/ally/Documents/johnson lab/boris training/AQ_Sctaeniopterus_TP_2021-06-14_104539_001.MP4,1192.66,23.98,No focal subject,Bite,Foraging,None|None|None,POINT,202.704,202.704,NA,,
AQ_Sctaeniopterus_TP_2021-06-14_104539,6/6/2025 14:51,,/Users/ally/Documents/johnson lab/boris training/AQ_Sctaeniopterus_TP_2021-06-14_104539_001.MP4,1192.66,23.98,No focal subject,Bite,Foraging,None|None|None,POINT,204.957,204.957,NA,,
AQ_Sctaeniopterus_TP_2021-06-14_104539,6/6/2025 14:51,,/Users/ally/Documents/johnson lab/boris training/AQ_Sctaeniopterus_TP_2021-06-14_104539_001.MP4,1192.66,23.98,No focal subject,Bite,Foraging,None|None|None,POINT,207.957,207.957,NA,,
AQ_Sctaeniopterus_TP_2021-06-14_104539,6/6/2025 14:51,,/Users/ally/Documents/johnson lab/boris training/AQ_Sctaeniopterus_TP_2021-06-14_104539_001.MP4,1192.66,23.98,No focal subject,Bite,Foraging,None|None|None,POINT,211.461,211.461,NA,,
AQ_Sctaeniopterus_TP_2021-06-14_104539,6/6/2025 14:51,,/Users/ally/Documents/johnson lab/boris training/AQ_Sctaeniopterus_TP_2021-06-14_104539_001.MP4,1192.66,23.98,No focal subject,Bite,Foraging,None|None|None,POINT,221.709,221.709,NA,,
AQ_Sctaeniopterus_TP_2021-06-14_104539,6/6/2025 14:51,,/Users/ally/Documents/johnson lab/boris training/AQ_Sctaeniopterus_TP_2021-06-14_104539_001.MP4,1192.66,23.98,No focal subject,Bite,Foraging,None|None|None,POINT,222.208,222.208,NA,,
AQ_Sctaeniopterus_TP_2021-06-14_104539,6/6/2025 14:51,,/Users/ally/Documents/johnson lab/boris training/AQ_Sctaeniopterus_TP_2021-06-14_104539_001.MP4,1192.66,23.98,No focal subject,Bite,Foraging,None|None|None,POINT,243.46,243.46,NA,,
AQ_Sctaeniopterus_TP_2021-06-14_104539,6/6/2025 14:51,,/Users/ally/Documents/johnson lab/boris training/AQ_Sctaeniopterus_TP_2021-06-14_104539_001.MP4,1192.66,23.98,No focal subject,Bite,Foraging,None|None|None,POINT,243.956,243.956,NA,,
AQ_Sctaeniopterus_TP_2021-06-14_104539,6/6/2025 14:51,,/Users/ally/Documents/johnson lab/boris training/AQ_Sctaeniopterus_TP_2021-06-14_104539_001.MP4,1192.66,23.98,No focal subject,Bite,Foraging,None|None|None,POINT,245.21,245.21,NA,,
AQ_Sctaeniopterus_TP_2021-06-14_104539,6/6/2025 14:51,,/Users/ally/Documents/johnson lab/boris training/AQ_Sctaeniopterus_TP_2021-06-14_104539_001.MP4,1192.66,23.98,No focal subject,Bite,Foraging,None|None|None,POINT,286.46,286.46,NA,,
AQ_Sctaeniopterus_TP_2021-06-14_104539,6/6/2025 14:51,,/Users/ally/Documents/johnson lab/boris training/AQ_Sctaeniopterus_TP_2021-06-14_104539_001.MP4,1192.66,23.98,No focal subject,Bite,Foraging,None|None|None,POINT,287.208,287.208,NA,,
AQ_Sctaeniopterus_TP_2021-06-14_104539,6/6/2025 14:51,,/Users/ally/Documents/johnson lab/boris training/AQ_Sctaeniopterus_TP_2021-06-14_104539_001.MP4,1192.66,23.98,No focal subject,Bite,Foraging,None|None|None,POINT,288.459,288.459,NA,,
AQ_Sctaeniopterus_TP_2021-06-14_104539,6/6/2025 14:51,,/Users/ally/Documents/johnson lab/boris training/AQ_Sctaeniopterus_TP_2021-06-14_104539_001.MP4,1192.66,23.98,No focal subject,Bite,Foraging,None|None|None,POINT,288.959,288.959,NA,,
AQ_Sctaeniopterus_TP_2021-06-14_104539,6/6/2025 14:51,,/Users/ally/Documents/johnson lab/boris training/AQ_Sctaeniopterus_TP_2021-06-14_104539_001.MP4,1192.66,23.98,No focal subject,Bite,Foraging,None|None|None,POINT,289.96,289.96,NA,,
AQ_Sctaeniopterus_TP_2021-06-14_104539,6/6/2025 14:51,,/Users/ally/Documents/johnson lab/boris training/AQ_Sctaeniopterus_TP_2021-06-14_104539_001.MP4,1192.66,23.98,No focal subject,Bite,Foraging,None|None|None,POINT,291.209,291.209,NA,,
AQ_Sctaeniopterus_TP_2021-06-14_104539,6/6/2025 14:51,,/Users/ally/Documents/johnson lab/boris training/AQ_Sctaeniopterus_TP_2021-06-14_104539_001.MP4,1192.66,23.98,No focal subject,Bite,Foraging,None|None|None,POINT,292.207,292.207,NA,,
AQ_Sctaeniopterus_TP_2021-06-14_104539,6/6/2025 14:51,,/Users/ally/Documents/johnson lab/boris training/AQ_Sctaeniopterus_TP_2021-06-14_104539_001.MP4,1192.66,23.98,No focal subject,Bite,Foraging,None|None|None,POINT,292.962,292.962,NA,,
AQ_Sctaeniopterus_TP_2021-06-14_104539,6/6/2025 14:51,,/Users/ally/Documents/johnson lab/boris training/AQ_Sctaeniopterus_TP_2021-06-14_104539_001.MP4,1192.66,23.98,No focal subject,Bite,Foraging,None|None|None,POINT,293.709,293.709,NA,,
AQ_Sctaeniopterus_TP_2021-06-14_104539,6/6/2025 14:51,,/Users/ally/Documents/johnson lab/boris training/AQ_Sctaeniopterus_TP_2021-06-14_104539_001.MP4,1192.66,23.98,No focal subject,Bite,Foraging,None|None|None,POINT,294.708,294.708,NA,,
AQ_Sctaeniopterus_TP_2021-06-14_104539,6/6/2025 14:51,,/Users/ally/Documents/johnson lab/boris training/AQ_Sctaeniopterus_TP_2021-06-14_104539_001.MP4,1192.66,23.98,No focal subject,Bite,Foraging,None|None|None,POINT,296.209,296.209,NA,,
AQ_Sctaeniopterus_TP_2021-06-14_104539,6/6/2025 14:51,,/Users/ally/Documents/johnson lab/boris training/AQ_Sctaeniopterus_TP_2021-06-14_104539_001.MP4,1192.66,23.98,No focal subject,Bite,Foraging,None|None|None,POINT,296.961,296.961,NA,,
AQ_Sctaeniopterus_TP_2021-06-14_104539,6/6/2025 14:51,,/Users/ally/Documents/johnson lab/boris training/AQ_Sctaeniopterus_TP_2021-06-14_104539_001.MP4,1192.66,23.98,No focal subject,Bite,Foraging,Feces|None|None,POINT,323.46,323.46,NA,,
AQ_Sctaeniopterus_TP_2021-06-14_104539,6/6/2025 14:51,,/Users/ally/Documents/johnson lab/boris training/AQ_Sctaeniopterus_TP_2021-06-14_104539_001.MP4,1192.66,23.98,No focal subject,Bite,Foraging,None|None|None,POINT,331.959,331.959,NA,,
AQ_Sctaeniopterus_TP_2021-06-14_104539,6/6/2025 14:51,,/Users/ally/Documents/johnson lab/boris training/AQ_Sctaeniopterus_TP_2021-06-14_104539_001.MP4,1192.66,23.98,No focal subject,Bite,Foraging,None|None|None,POINT,332.459,332.459,NA,,
AQ_Sctaeniopterus_TP_2021-06-14_104539,6/6/2025 14:51,,/Users/ally/Documents/johnson lab/boris training/AQ_Sctaeniopterus_TP_2021-06-14_104539_001.MP4,1192.66,23.98,No focal subject,Bite,Foraging,None|None|None,POINT,333.46,333.46,NA,,
AQ_Sctaeniopterus_TP_2021-06-14_104539,6/6/2025 14:51,,/Users/ally/Documents/johnson lab/boris training/AQ_Sctaeniopterus_TP_2021-06-14_104539_001.MP4,1192.66,23.98,No focal subject,Bite,Foraging,None|None|None,POINT,334.21,334.21,NA,,
AQ_Sctaeniopterus_TP_2021-06-14_104539,6/6/2025 14:51,,/Users/ally/Documents/johnson lab/boris training/AQ_Sctaeniopterus_TP_2021-06-14_104539_001.MP4,1192.66,23.98,No focal subject,Bite,Foraging,None|None|None,POINT,334.711,334.711,NA,,
AQ_Sctaeniopterus_TP_2021-06-14_104539,6/6/2025 14:51,,/Users/ally/Documents/johnson lab/boris training/AQ_Sctaeniopterus_TP_2021-06-14_104539_001.MP4,1192.66,23.98,No focal subject,Bite,Foraging,None|None|None,POINT,335.461,335.461,NA,,
AQ_Sctaeniopterus_TP_2021-06-14_104539,6/6/2025 14:51,,/Users/ally/Documents/johnson lab/boris training/AQ_Sctaeniopterus_TP_2021-06-14_104539_001.MP4,1192.66,23.98,No focal subject,Bite,Foraging,None|None|None,POINT,336.46,336.46,NA,,
AQ_Sctaeniopterus_TP_2021-06-14_104539,6/6/2025 14:51,,/Users/ally/Documents/johnson lab/boris training/AQ_Sctaeniopterus_TP_2021-06-14_104539_001.MP4,1192.66,23.98,No focal subject,Bite,Foraging,None|None|None,POINT,336.96,336.96,NA,,
AQ_Sctaeniopterus_TP_2021-06-14_104539,6/6/2025 14:51,,/Users/ally/Documents/johnson lab/boris training/AQ_Sctaeniopterus_TP_2021-06-14_104539_001.MP4,1192.66,23.98,No focal subject,Bite,Foraging,None|None|None,POINT,337.961,337.961,NA,,
AQ_Sctaeniopterus_TP_2021-06-14_104539,6/6/2025 14:51,,/Users/ally/Documents/johnson lab/boris training/AQ_Sctaeniopterus_TP_2021-06-14_104539_001.MP4,1192.66,23.98,No focal subject,Bite,Foraging,None|None|None,POINT,338.959,338.959,NA,,
AQ_Sctaeniopterus_TP_2021-06-14_104539,6/6/2025 14:51,,/Users/ally/Documents/johnson lab/boris training/AQ_Sctaeniopterus_TP_2021-06-14_104539_001.MP4,1192.66,23.98,No focal subject,Bite,Foraging,None|None|None,POINT,339.46,339.46,NA,,
AQ_Sctaeniopterus_TP_2021-06-14_104539,6/6/2025 14:51,,/Users/ally/Documents/johnson lab/boris training/AQ_Sctaeniopterus_TP_2021-06-14_104539_001.MP4,1192.66,23.98,No focal subject,Bite,Foraging,None|None|None,POINT,340.459,340.459,NA,,
AQ_Sctaeniopterus_TP_2021-06-14_104539,6/6/2025 14:51,,/Users/ally/Documents/johnson lab/boris training/AQ_Sctaeniopterus_TP_2021-06-14_104539_001.MP4,1192.66,23.98,No focal subject,Bite,Foraging,None|None|None,POINT,341.961,341.961,NA,,
AQ_Sctaeniopterus_TP_2021-06-14_104539,6/6/2025 14:51,,/Users/ally/Documents/johnson lab/boris training/AQ_Sctaeniopterus_TP_2021-06-14_104539_001.MP4,1192.66,23.98,No focal subject,Bite,Foraging,None|None|None,POINT,342.712,342.712,NA,,
AQ_Sctaeniopterus_TP_2021-06-14_104539,6/6/2025 14:51,,/Users/ally/Documents/johnson lab/boris training/AQ_Sctaeniopterus_TP_2021-06-14_104539_001.MP4,1192.66,23.98,No focal subject,Bite,Foraging,None|None|None,POINT,343.711,343.711,NA,,
AQ_Sctaeniopterus_TP_2021-06-14_104539,6/6/2025 14:51,,/Users/ally/Documents/johnson lab/boris training/AQ_Sctaeniopterus_TP_2021-06-14_104539_001.MP4,1192.66,23.98,No focal subject,Bite,Foraging,None|None|None,POINT,344.459,344.459,NA,,
AQ_Sctaeniopterus_TP_2021-06-14_104539,6/6/2025 14:51,,/Users/ally/Documents/johnson lab/boris training/AQ_Sctaeniopterus_TP_2021-06-14_104539_001.MP4,1192.66,23.98,No focal subject,Bite,Foraging,None|None|None,POINT,345.212,345.212,NA,,
AQ_Sctaeniopterus_TP_2021-06-14_104539,6/6/2025 14:51,,/Users/ally/Documents/johnson lab/boris training/AQ_Sctaeniopterus_TP_2021-06-14_104539_001.MP4,1192.66,23.98,No focal subject,Bite,Foraging,None|None|None,POINT,345.959,345.959,NA,,
AQ_Sctaeniopterus_TP_2021-06-14_104539,6/6/2025 14:51,,/Users/ally/Documents/johnson lab/boris training/AQ_Sctaeniopterus_TP_2021-06-14_104539_001.MP4,1192.66,23.98,No focal subject,Bite,Foraging,None|None|None,POINT,346.46,346.46,NA,,
AQ_Sctaeniopterus_TP_2021-06-14_104539,6/6/2025 14:51,,/Users/ally/Documents/johnson lab/boris training/AQ_Sctaeniopterus_TP_2021-06-14_104539_001.MP4,1192.66,23.98,No focal subject,Bite,Foraging,None|None|None,POINT,347.21,347.21,NA,,
AQ_Sctaeniopterus_TP_2021-06-14_104539,6/6/2025 14:51,,/Users/ally/Documents/johnson lab/boris training/AQ_Sctaeniopterus_TP_2021-06-14_104539_001.MP4,1192.66,23.98,No focal subject,Bite,Foraging,None|None|None,POINT,349.21,349.21,NA,,
AQ_Sctaeniopterus_TP_2021-06-14_104539,6/6/2025 14:51,,/Users/ally/Documents/johnson lab/boris training/AQ_Sctaeniopterus_TP_2021-06-14_104539_001.MP4,1192.66,23.98,No focal subject,Bite,Foraging,None|None|None,POINT,349.958,349.958,NA,,
AQ_Sctaeniopterus_TP_2021-06-14_104539,6/6/2025 14:51,,/Users/ally/Documents/johnson lab/boris training/AQ_Sctaeniopterus_TP_2021-06-14_104539_001.MP4,1192.66,23.98,No focal subject,Bite,Foraging,None|None|None,POINT,350.957,350.957,NA,,
AQ_Sctaeniopterus_TP_2021-06-14_104539,6/6/2025 14:51,,/Users/ally/Documents/johnson lab/boris training/AQ_Sctaeniopterus_TP_2021-06-14_104539_001.MP4,1192.66,23.98,No focal subject,Bite,Foraging,None|None|None,POINT,352.21,352.21,NA,,
AQ_Sctaeniopterus_TP_2021-06-14_104539,6/6/2025 14:51,,/Users/ally/Documents/johnson lab/boris training/AQ_Sctaeniopterus_TP_2021-06-14_104539_001.MP4,1192.66,23.98,No focal subject,Bite,Foraging,None|None|None,POINT,353.458,353.458,NA,,
AQ_Sctaeniopterus_TP_2021-06-14_104539,6/6/2025 14:51,,/Users/ally/Documents/johnson lab/boris training/AQ_Sctaeniopterus_TP_2021-06-14_104539_001.MP4,1192.66,23.98,No focal subject,Bite,Foraging,None|None|None,POINT,354.458,354.458,NA,,
AQ_Sctaeniopterus_TP_2021-06-14_104539,6/6/2025 14:51,,/Users/ally/Documents/johnson lab/boris training/AQ_Sctaeniopterus_TP_2021-06-14_104539_001.MP4,1192.66,23.98,No focal subject,Bite,Foraging,None|None|None,POINT,355.458,355.458,NA,,
AQ_Sctaeniopterus_TP_2021-06-14_104539,6/6/2025 14:51,,/Users/ally/Documents/johnson lab/boris training/AQ_Sctaeniopterus_TP_2021-06-14_104539_001.MP4,1192.66,23.98,No focal subject,Bite,Foraging,None|None|None,POINT,368.459,368.459,NA,,
AQ_Sctaeniopterus_TP_2021-06-14_104539,6/6/2025 14:51,,/Users/ally/Documents/johnson lab/boris training/AQ_Sctaeniopterus_TP_2021-06-14_104539_001.MP4,1192.66,23.98,No focal subject,Bite,Foraging,None|None|None,POINT,368.958,368.958,NA,,
AQ_Sctaeniopterus_TP_2021-06-14_104539,6/6/2025 14:51,,/Users/ally/Documents/johnson lab/boris training/AQ_Sctaeniopterus_TP_2021-06-14_104539_001.MP4,1192.66,23.98,No focal subject,Bite,Foraging,None|None|None,POINT,369.457,369.457,NA,,
AQ_Sctaeniopterus_TP_2021-06-14_104539,6/6/2025 14:51,,/Users/ally/Documents/johnson lab/boris training/AQ_Sctaeniopterus_TP_2021-06-14_104539_001.MP4,1192.66,23.98,No focal subject,Bite,Foraging,None|None|None,POINT,370.958,370.958,NA,,
AQ_Sctaeniopterus_TP_2021-06-14_104539,6/6/2025 14:51,,/Users/ally/Documents/johnson lab/boris training/AQ_Sctaeniopterus_TP_2021-06-14_104539_001.MP4,1192.66,23.98,No focal subject,Bite,Foraging,None|None|None,POINT,377.457,377.457,NA,,
AQ_Sctaeniopterus_TP_2021-06-14_104539,6/6/2025 14:51,,/Users/ally/Documents/johnson lab/boris training/AQ_Sctaeniopterus_TP_2021-06-14_104539_001.MP4,1192.66,23.98,No focal subject,Bite,Foraging,None|None|None,POINT,377.96,377.96,NA,,
AQ_Sctaeniopterus_TP_2021-06-14_104539,6/6/2025 14:51,,/Users/ally/Documents/johnson lab/boris training/AQ_Sctaeniopterus_TP_2021-06-14_104539_001.MP4,1192.66,23.98,No focal subject,Bite,Foraging,None|None|None,POINT,378.711,378.711,NA,,
AQ_Sctaeniopterus_TP_2021-06-14_104539,6/6/2025 14:51,,/Users/ally/Documents/johnson lab/boris training/AQ_Sctaeniopterus_TP_2021-06-14_104539_001.MP4,1192.66,23.98,No focal subject,Bite,Foraging,None|None|None,POINT,379.458,379.458,NA,,
AQ_Sctaeniopterus_TP_2021-06-14_104539,6/6/2025 14:51,,/Users/ally/Documents/johnson lab/boris training/AQ_Sctaeniopterus_TP_2021-06-14_104539_001.MP4,1192.66,23.98,No focal subject,Bite,Foraging,None|None|None,POINT,387.46,387.46,NA,,
AQ_Sctaeniopterus_TP_2021-06-14_104539,6/6/2025 14:51,,/Users/ally/Documents/johnson lab/boris training/AQ_Sctaeniopterus_TP_2021-06-14_104539_001.MP4,1192.66,23.98,No focal subject,Bite,Foraging,None|None|None,POINT,387.959,387.959,NA,,
AQ_Sctaeniopterus_TP_2021-06-14_104539,6/6/2025 14:51,,/Users/ally/Documents/johnson lab/boris training/AQ_Sctaeniopterus_TP_2021-06-14_104539_001.MP4,1192.66,23.98,No focal subject,Bite,Foraging,None|None|None,POINT,388.46,388.46,NA,,
AQ_Sctaeniopterus_TP_2021-06-14_104539,6/6/2025 14:51,,/Users/ally/Documents/johnson lab/boris training/AQ_Sctaeniopterus_TP_2021-06-14_104539_001.MP4,1192.66,23.98,No focal subject,Bite,Foraging,None|None|None,POINT,423.459,423.459,NA,,
AQ_Sctaeniopterus_TP_2021-06-14_104539,6/6/2025 14:51,,/Users/ally/Documents/johnson lab/boris training/AQ_Sctaeniopterus_TP_2021-06-14_104539_001.MP4,1192.66,23.98,No focal subject,Bite,Foraging,None|None|None,POINT,423.959,423.959,NA,,
AQ_Sctaeniopterus_TP_2021-06-14_104539,6/6/2025 14:51,,/Users/ally/Documents/johnson lab/boris training/AQ_Sctaeniopterus_TP_2021-06-14_104539_001.MP4,1192.66,23.98,No focal subject,Bite,Foraging,None|None|None,POINT,425.459,425.459,NA,,
AQ_Sctaeniopterus_TP_2021-06-14_104539,6/6/2025 14:51,,/Users/ally/Documents/johnson lab/boris training/AQ_Sctaeniopterus_TP_2021-06-14_104539_001.MP4,1192.66,23.98,No focal subject,Bite,Foraging,None|None|None,POINT,426.209,426.209,NA,,
AQ_Sctaeniopterus_TP_2021-06-14_104539,6/6/2025 14:51,,/Users/ally/Documents/johnson lab/boris training/AQ_Sctaeniopterus_TP_2021-06-14_104539_001.MP4,1192.66,23.98,No focal subject,Bite,Foraging,None|None|None,POINT,427.21,427.21,NA,,
AQ_Sctaeniopterus_TP_2021-06-14_104539,6/6/2025 14:51,,/Users/ally/Documents/johnson lab/boris training/AQ_Sctaeniopterus_TP_2021-06-14_104539_001.MP4,1192.66,23.98,No focal subject,Bite,Foraging,None|None|None,POINT,428.459,428.459,NA,,
AQ_Sctaeniopterus_TP_2021-06-14_104539,6/6/2025 14:51,,/Users/ally/Documents/johnson lab/boris training/AQ_Sctaeniopterus_TP_2021-06-14_104539_001.MP4,1192.66,23.98,No focal subject,Bite,Foraging,None|None|None,POINT,429.71,429.71,NA,,
AQ_Sctaeniopterus_TP_2021-06-14_104539,6/6/2025 14:51,,/Users/ally/Documents/johnson lab/boris training/AQ_Sctaeniopterus_TP_2021-06-14_104539_001.MP4,1192.66,23.98,No focal subject,Bite,Foraging,None|None|None,POINT,430.711,430.711,NA,,
AQ_Sctaeniopterus_TP_2021-06-14_104539,6/6/2025 14:51,,/Users/ally/Documents/johnson lab/boris training/AQ_Sctaeniopterus_TP_2021-06-14_104539_001.MP4,1192.66,23.98,No focal subject,Bite,Foraging,None|None|None,POINT,431.71,431.71,NA,,
AQ_Sctaeniopterus_TP_2021-06-14_104539,6/6/2025 14:51,,/Users/ally/Documents/johnson lab/boris training/AQ_Sctaeniopterus_TP_2021-06-14_104539_001.MP4,1192.66,23.98,No focal subject,Bite,Foraging,None|None|None,POINT,432.71,432.71,NA,,
AQ_Sctaeniopterus_TP_2021-06-14_104539,6/6/2025 14:51,,/Users/ally/Documents/johnson lab/boris training/AQ_Sctaeniopterus_TP_2021-06-14_104539_001.MP4,1192.66,23.98,No focal subject,Bite,Foraging,None|None|None,POINT,434.211,434.211,NA,,
AQ_Sctaeniopterus_TP_2021-06-14_104539,6/6/2025 14:51,,/Users/ally/Documents/johnson lab/boris training/AQ_Sctaeniopterus_TP_2021-06-14_104539_001.MP4,1192.66,23.98,No focal subject,Bite,Foraging,None|None|None,POINT,436.459,436.459,NA,,
AQ_Sctaeniopterus_TP_2021-06-14_104539,6/6/2025 14:51,,/Users/ally/Documents/johnson lab/boris training/AQ_Sctaeniopterus_TP_2021-06-14_104539_001.MP4,1192.66,23.98,No focal subject,Bite,Foraging,None|None|None,POINT,436.96,436.96,NA,,
AQ_Sctaeniopterus_TP_2021-06-14_104539,6/6/2025 14:51,,/Users/ally/Documents/johnson lab/boris training/AQ_Sctaeniopterus_TP_2021-06-14_104539_001.MP4,1192.66,23.98,No focal subject,Bite,Foraging,None|None|None,POINT,437.962,437.962,NA,,
AQ_Sctaeniopterus_TP_2021-06-14_104539,6/6/2025 14:51,,/Users/ally/Documents/johnson lab/boris training/AQ_Sctaeniopterus_TP_2021-06-14_104539_001.MP4,1192.66,23.98,No focal subject,Bite,Foraging,None|None|None,POINT,439.711,439.711,NA,,
AQ_Sctaeniopterus_TP_2021-06-14_104539,6/6/2025 14:51,,/Users/ally/Documents/johnson lab/boris training/AQ_Sctaeniopterus_TP_2021-06-14_104539_001.MP4,1192.66,23.98,No focal subject,Bite,Foraging,None|None|None,POINT,441.342,441.342,NA,,
AQ_Sctaeniopterus_TP_2021-06-14_104539,6/6/2025 14:51,,/Users/ally/Documents/johnson lab/boris training/AQ_Sctaeniopterus_TP_2021-06-14_104539_001.MP4,1192.66,23.98,No focal subject,Bite,Foraging,None|None|None,POINT,443.092,443.092,NA,,
AQ_Sctaeniopterus_TP_2021-06-14_104539,6/6/2025 14:51,,/Users/ally/Documents/johnson lab/boris training/AQ_Sctaeniopterus_TP_2021-06-14_104539_001.MP4,1192.66,23.98,No focal subject,Bite,Foraging,None|None|None,POINT,444.094,444.094,NA,,
AQ_Sctaeniopterus_TP_2021-06-14_104539,6/6/2025 14:51,,/Users/ally/Documents/johnson lab/boris training/AQ_Sctaeniopterus_TP_2021-06-14_104539_001.MP4,1192.66,23.98,No focal subject,Bite,Foraging,None|None|None,POINT,445.096,445.096,NA,,
AQ_Sctaeniopterus_TP_2021-06-14_104539,6/6/2025 14:51,,/Users/ally/Documents/johnson lab/boris training/AQ_Sctaeniopterus_TP_2021-06-14_104539_001.MP4,1192.66,23.98,No focal subject,Bite,Foraging,None|None|None,POINT,445.847,445.847,NA,,
AQ_Sctaeniopterus_TP_2021-06-14_104539,6/6/2025 14:51,,/Users/ally/Documents/johnson lab/boris training/AQ_Sctaeniopterus_TP_2021-06-14_104539_001.MP4,1192.66,23.98,No focal subject,Bite,Foraging,None|None|None,POINT,446.596,446.596,NA,,
AQ_Sctaeniopterus_TP_2021-06-14_104539,6/6/2025 14:51,,/Users/ally/Documents/johnson lab/boris training/AQ_Sctaeniopterus_TP_2021-06-14_104539_001.MP4,1192.66,23.98,No focal subject,Bite,Foraging,None|None|None,POINT,447.342,447.342,NA,,
AQ_Sctaeniopterus_TP_2021-06-14_104539,6/6/2025 14:51,,/Users/ally/Documents/johnson lab/boris training/AQ_Sctaeniopterus_TP_2021-06-14_104539_001.MP4,1192.66,23.98,No focal subject,Bite,Foraging,None|None|None,POINT,448.093,448.093,NA,,
AQ_Sctaeniopterus_TP_2021-06-14_104539,6/6/2025 14:51,,/Users/ally/Documents/johnson lab/boris training/AQ_Sctaeniopterus_TP_2021-06-14_104539_001.MP4,1192.66,23.98,No focal subject,Bite,Foraging,None|None|None,POINT,448.842,448.842,NA,,
AQ_Sctaeniopterus_TP_2021-06-14_104539,6/6/2025 14:51,,/Users/ally/Documents/johnson lab/boris training/AQ_Sctaeniopterus_TP_2021-06-14_104539_001.MP4,1192.66,23.98,No focal subject,Bite,Foraging,None|None|None,POINT,449.592,449.592,NA,,
AQ_Sctaeniopterus_TP_2021-06-14_104539,6/6/2025 14:51,,/Users/ally/Documents/johnson lab/boris training/AQ_Sctaeniopterus_TP_2021-06-14_104539_001.MP4,1192.66,23.98,No focal subject,Bite,Foraging,None|None|None,POINT,450.846,450.846,NA,,
AQ_Sctaeniopterus_TP_2021-06-14_104539,6/6/2025 14:51,,/Users/ally/Documents/johnson lab/boris training/AQ_Sctaeniopterus_TP_2021-06-14_104539_001.MP4,1192.66,23.98,No focal subject,Bite,Foraging,None|None|None,POINT,451.348,451.348,NA,,
AQ_Sctaeniopterus_TP_2021-06-14_104539,6/6/2025 14:51,,/Users/ally/Documents/johnson lab/boris training/AQ_Sctaeniopterus_TP_2021-06-14_104539_001.MP4,1192.66,23.98,No focal subject,Bite,Foraging,None|None|None,POINT,452.595,452.595,NA,,
AQ_Sctaeniopterus_TP_2021-06-14_104539,6/6/2025 14:51,,/Users/ally/Documents/johnson lab/boris training/AQ_Sctaeniopterus_TP_2021-06-14_104539_001.MP4,1192.66,23.98,No focal subject,Bite,Foraging,None|None|None,POINT,453.346,453.346,NA,,
AQ_Sctaeniopterus_TP_2021-06-14_104539,6/6/2025 14:51,,/Users/ally/Documents/johnson lab/boris training/AQ_Sctaeniopterus_TP_2021-06-14_104539_001.MP4,1192.66,23.98,No focal subject,Bite,Foraging,None|None|None,POINT,454.596,454.596,NA,,
AQ_Sctaeniopterus_TP_2021-06-14_104539,6/6/2025 14:51,,/Users/ally/Documents/johnson lab/boris training/AQ_Sctaeniopterus_TP_2021-06-14_104539_001.MP4,1192.66,23.98,No focal subject,Bite,Foraging,None|None|None,POINT,455.594,455.594,NA,,
AQ_Sctaeniopterus_TP_2021-06-14_104539,6/6/2025 14:51,,/Users/ally/Documents/johnson lab/boris training/AQ_Sctaeniopterus_TP_2021-06-14_104539_001.MP4,1192.66,23.98,No focal subject,Bite,Foraging,None|None|None,POINT,456.596,456.596,NA,,
AQ_Sctaeniopterus_TP_2021-06-14_104539,6/6/2025 14:51,,/Users/ally/Documents/johnson lab/boris training/AQ_Sctaeniopterus_TP_2021-06-14_104539_001.MP4,1192.66,23.98,No focal subject,Bite,Foraging,None|None|None,POINT,475.097,475.097,NA,,
AQ_Sctaeniopterus_TP_2021-06-14_104539,6/6/2025 14:51,,/Users/ally/Documents/johnson lab/boris training/AQ_Sctaeniopterus_TP_2021-06-14_104539_001.MP4,1192.66,23.98,No focal subject,Bite,Foraging,None|None|None,POINT,478.347,478.347,NA,,
AQ_Sctaeniopterus_TP_2021-06-14_104539,6/6/2025 14:51,,/Users/ally/Documents/johnson lab/boris training/AQ_Sctaeniopterus_TP_2021-06-14_104539_001.MP4,1192.66,23.98,No focal subject,Bite,Foraging,None|None|None,POINT,478.848,478.848,NA,,
AQ_Sctaeniopterus_TP_2021-06-14_104539,6/6/2025 14:51,,/Users/ally/Documents/johnson lab/boris training/AQ_Sctaeniopterus_TP_2021-06-14_104539_001.MP4,1192.66,23.98,No focal subject,Bite,Foraging,None|None|None,POINT,479.846,479.846,NA,,
AQ_Sctaeniopterus_TP_2021-06-14_104539,6/6/2025 14:51,,/Users/ally/Documents/johnson lab/boris training/AQ_Sctaeniopterus_TP_2021-06-14_104539_001.MP4,1192.66,23.98,No focal subject,Bite,Foraging,None|None|None,POINT,480.596,480.596,NA,,
AQ_Sctaeniopterus_TP_2021-06-14_104539,6/6/2025 14:51,,/Users/ally/Documents/johnson lab/boris training/AQ_Sctaeniopterus_TP_2021-06-14_104539_001.MP4,1192.66,23.98,No focal subject,Bite,Foraging,None|None|None,POINT,481.347,481.347,NA,,
AQ_Sctaeniopterus_TP_2021-06-14_104539,6/6/2025 14:51,,/Users/ally/Documents/johnson lab/boris training/AQ_Sctaeniopterus_TP_2021-06-14_104539_001.MP4,1192.66,23.98,No focal subject,Bite,Foraging,None|None|None,POINT,481.847,481.847,NA,,
AQ_Sctaeniopterus_TP_2021-06-14_104539,6/6/2025 14:51,,/Users/ally/Documents/johnson lab/boris training/AQ_Sctaeniopterus_TP_2021-06-14_104539_001.MP4,1192.66,23.98,No focal subject,Bite,Foraging,None|None|None,POINT,483.095,483.095,NA,,
AQ_Sctaeniopterus_TP_2021-06-14_104539,6/6/2025 14:51,,/Users/ally/Documents/johnson lab/boris training/AQ_Sctaeniopterus_TP_2021-06-14_104539_001.MP4,1192.66,23.98,No focal subject,Bite,Foraging,None|None|None,POINT,485.845,485.845,NA,,
AQ_Sctaeniopterus_TP_2021-06-14_104539,6/6/2025 14:51,,/Users/ally/Documents/johnson lab/boris training/AQ_Sctaeniopterus_TP_2021-06-14_104539_001.MP4,1192.66,23.98,No focal subject,Bite,Foraging,None|None|None,POINT,499.846,499.846,NA,,
AQ_Sctaeniopterus_TP_2021-06-14_104539,6/6/2025 14:51,,/Users/ally/Documents/johnson lab/boris training/AQ_Sctaeniopterus_TP_2021-06-14_104539_001.MP4,1192.66,23.98,No focal subject,Bite,Foraging,None|None|None,POINT,500.346,500.346,NA,,
AQ_Sctaeniopterus_TP_2021-06-14_104539,6/6/2025 14:51,,/Users/ally/Documents/johnson lab/boris training/AQ_Sctaeniopterus_TP_2021-06-14_104539_001.MP4,1192.66,23.98,No focal subject,Bite,Foraging,None|None|None,POINT,501.095,501.095,NA,,
AQ_Sctaeniopterus_TP_2021-06-14_104539,6/6/2025 14:51,,/Users/ally/Documents/johnson lab/boris training/AQ_Sctaeniopterus_TP_2021-06-14_104539_001.MP4,1192.66,23.98,No focal subject,Bite,Foraging,None|None|None,POINT,502.096,502.096,NA,,
AQ_Sctaeniopterus_TP_2021-06-14_104539,6/6/2025 14:51,,/Users/ally/Documents/johnson lab/boris training/AQ_Sctaeniopterus_TP_2021-06-14_104539_001.MP4,1192.66,23.98,No focal subject,Bite,Foraging,None|None|None,POINT,504.117,504.117,NA,,
AQ_Sctaeniopterus_TP_2021-06-14_104539,6/6/2025 14:51,,/Users/ally/Documents/johnson lab/boris training/AQ_Sctaeniopterus_TP_2021-06-14_104539_001.MP4,1192.66,23.98,No focal subject,Bite,Foraging,None|None|None,POINT,511.096,511.096,NA,,
AQ_Sctaeniopterus_TP_2021-06-14_104539,6/6/2025 14:51,,/Users/ally/Documents/johnson lab/boris training/AQ_Sctaeniopterus_TP_2021-06-14_104539_001.MP4,1192.66,23.98,No focal subject,Bite,Foraging,None|None|None,POINT,511.848,511.848,NA,,
AQ_Sctaeniopterus_TP_2021-06-14_104539,6/6/2025 14:51,,/Users/ally/Documents/johnson lab/boris training/AQ_Sctaeniopterus_TP_2021-06-14_104539_001.MP4,1192.66,23.98,No focal subject,Bite,Foraging,None|None|None,POINT,512.346,512.346,NA,,
AQ_Sctaeniopterus_TP_2021-06-14_104539,6/6/2025 14:51,,/Users/ally/Documents/johnson lab/boris training/AQ_Sctaeniopterus_TP_2021-06-14_104539_001.MP4,1192.66,23.98,No focal subject,Bite,Foraging,None|None|None,POINT,558.095,558.095,NA,,
AQ_Sctaeniopterus_TP_2021-06-14_104539,6/6/2025 14:51,,/Users/ally/Documents/johnson lab/boris training/AQ_Sctaeniopterus_TP_2021-06-14_104539_001.MP4,1192.66,23.98,No focal subject,Bite,Foraging,None|None|None,POINT,558.595,558.595,NA,,
AQ_Sctaeniopterus_TP_2021-06-14_104539,6/6/2025 14:51,,/Users/ally/Documents/johnson lab/boris training/AQ_Sctaeniopterus_TP_2021-06-14_104539_001.MP4,1192.66,23.98,No focal subject,Bite,Foraging,None|None|None,POINT,560.595,560.595,NA,,
AQ_Sctaeniopterus_TP_2021-06-14_104539,6/6/2025 14:51,,/Users/ally/Documents/johnson lab/boris training/AQ_Sctaeniopterus_TP_2021-06-14_104539_001.MP4,1192.66,23.98,No focal subject,Bite,Foraging,None|None|None,POINT,561.343,561.343,NA,,
AQ_Sctaeniopterus_TP_2021-06-14_104539,6/6/2025 14:51,,/Users/ally/Documents/johnson lab/boris training/AQ_Sctaeniopterus_TP_2021-06-14_104539_001.MP4,1192.66,23.98,No focal subject,Bite,Foraging,None|None|None,POINT,562.849,562.849,NA,,
AQ_Sctaeniopterus_TP_2021-06-14_104539,6/6/2025 14:51,,/Users/ally/Documents/johnson lab/boris training/AQ_Sctaeniopterus_TP_2021-06-14_104539_001.MP4,1192.66,23.98,No focal subject,Bite,Foraging,None|None|None,POINT,564.597,564.597,NA,,
AQ_Sctaeniopterus_TP_2021-06-14_104539,6/6/2025 14:51,,/Users/ally/Documents/johnson lab/boris training/AQ_Sctaeniopterus_TP_2021-06-14_104539_001.MP4,1192.66,23.98,No focal subject,Bite,Foraging,None|None|None,POINT,565.096,565.096,NA,,
AQ_Sctaeniopterus_TP_2021-06-14_104539,6/6/2025 14:51,,/Users/ally/Documents/johnson lab/boris training/AQ_Sctaeniopterus_TP_2021-06-14_104539_001.MP4,1192.66,23.98,No focal subject,Bite,Foraging,None|None|None,POINT,566.595,566.595,NA,,
AQ_Sctaeniopterus_TP_2021-06-14_104539,6/6/2025 14:51,,/Users/ally/Documents/johnson lab/boris training/AQ_Sctaeniopterus_TP_2021-06-14_104539_001.MP4,1192.66,23.98,No focal subject,Bite,Foraging,None|None|None,POINT,567.595,567.595,NA,,
AQ_Sctaeniopterus_TP_2021-06-14_104539,6/6/2025 14:51,,/Users/ally/Documents/johnson lab/boris training/AQ_Sctaeniopterus_TP_2021-06-14_104539_001.MP4,1192.66,23.98,No focal subject,Bite,Foraging,None|None|None,POINT,568.095,568.095,NA,,
AQ_Sctaeniopterus_TP_2021-06-14_104539,6/6/2025 14:51,,/Users/ally/Documents/johnson lab/boris training/AQ_Sctaeniopterus_TP_2021-06-14_104539_001.MP4,1192.66,23.98,No focal subject,Bite,Foraging,None|None|None,POINT,574.849,574.849,NA,,
AQ_Sctaeniopterus_TP_2021-06-14_104539,6/6/2025 14:51,,/Users/ally/Documents/johnson lab/boris training/AQ_Sctaeniopterus_TP_2021-06-14_104539_001.MP4,1192.66,23.98,No focal subject,Bite,Foraging,None|None|None,POINT,576.848,576.848,NA,,
AQ_Sctaeniopterus_TP_2021-06-14_104539,6/6/2025 14:51,,/Users/ally/Documents/johnson lab/boris training/AQ_Sctaeniopterus_TP_2021-06-14_104539_001.MP4,1192.66,23.98,No focal subject,Bite,Foraging,None|None|None,POINT,577.847,577.847,NA,,
AQ_Sctaeniopterus_TP_2021-06-14_104539,6/6/2025 14:51,,/Users/ally/Documents/johnson lab/boris training/AQ_Sctaeniopterus_TP_2021-06-14_104539_001.MP4,1192.66,23.98,No focal subject,Bite,Foraging,None|None|None,POINT,578.847,578.847,NA,,
AQ_Sctaeniopterus_TP_2021-06-14_104539,6/6/2025 14:51,,/Users/ally/Documents/johnson lab/boris training/AQ_Sctaeniopterus_TP_2021-06-14_104539_001.MP4,1192.66,23.98,No focal subject,Bite,Foraging,None|None|None,POINT,579.596,579.596,NA,,
AQ_Sctaeniopterus_TP_2021-06-14_104539,6/6/2025 14:51,,/Users/ally/Documents/johnson lab/boris training/AQ_Sctaeniopterus_TP_2021-06-14_104539_001.MP4,1192.66,23.98,No focal subject,Bite,Foraging,None|None|None,POINT,580.596,580.596,NA,,
AQ_Sctaeniopterus_TP_2021-06-14_104539,6/6/2025 14:51,,/Users/ally/Documents/johnson lab/boris training/AQ_Sctaeniopterus_TP_2021-06-14_104539_001.MP4,1192.66,23.98,No focal subject,Bite,Foraging,None|None|None,POINT,581.847,581.847,NA,,
AQ_Sctaeniopterus_TP_2021-06-14_104539,6/6/2025 14:51,,/Users/ally/Documents/johnson lab/boris training/AQ_Sctaeniopterus_TP_2021-06-14_104539_001.MP4,1192.66,23.98,No focal subject,Bite,Foraging,None|None|None,POINT,616.345,616.345,NA,,
AQ_Sctaeniopterus_TP_2021-06-14_104539,6/6/2025 14:51,,/Users/ally/Documents/johnson lab/boris training/AQ_Sctaeniopterus_TP_2021-06-14_104539_001.MP4,1192.66,23.98,No focal subject,Bite,Foraging,None|None|None,POINT,618.095,618.095,NA,,
AQ_Sctaeniopterus_TP_2021-06-14_104539,6/6/2025 14:51,,/Users/ally/Documents/johnson lab/boris training/AQ_Sctaeniopterus_TP_2021-06-14_104539_001.MP4,1192.66,23.98,No focal subject,Bite,Foraging,None|None|None,POINT,621.096,621.096,NA,,
training video set 1,6/6/2025 14:51,,/Users/ally/Documents/johnson lab/boris training/AQ_Sctaeniopterus_TP_2021-06-14_104539_001.MP4,1192.66,23.98,No focal subject,Lost Time,Time Keeping,,STATE,625.769,670.021,44.252,,
AQ_Sctaeniopterus_TP_2021-06-14_104539,6/6/2025 14:51,,/Users/ally/Documents/johnson lab/boris training/AQ_Sctaeniopterus_TP_2021-06-14_104539_001.MP4,1192.66,23.98,No focal subject,Bite,Foraging,Feces|None|None,POINT,688.522,688.522,NA,,
AQ_Sctaeniopterus_TP_2021-06-14_104539,6/6/2025 14:51,,/Users/ally/Documents/johnson lab/boris training/AQ_Sctaeniopterus_TP_2021-06-14_104539_001.MP4,1192.66,23.98,No focal subject,Bite,Foraging,Feces|None|None,POINT,696.771,696.771,NA,,
training video set 1,6/6/2025 14:51,,/Users/ally/Documents/johnson lab/boris training/AQ_Sctaeniopterus_TP_2021-06-14_104539_001.MP4,1192.66,23.98,No focal subject,Defecation,Defecation,,POINT,697.097,697.097,NA,,
AQ_Sctaeniopterus_TP_2021-06-14_104539,6/6/2025 14:51,,/Users/ally/Documents/johnson lab/boris training/AQ_Sctaeniopterus_TP_2021-06-14_104539_001.MP4,1192.66,23.98,No focal subject,Bite,Foraging,Feces|None|None,POINT,700.601,700.601,NA,,
AQ_Sctaeniopterus_TP_2021-06-14_104539,6/6/2025 14:51,,/Users/ally/Documents/johnson lab/boris training/AQ_Sctaeniopterus_TP_2021-06-14_104539_002.MP4,1192.66,23.98,No focal subject,Bite,Foraging,None|None|None,POINT,720.633,720.633,NA,,
AQ_Sctaeniopterus_TP_2021-06-14_104539,6/6/2025 14:51,,/Users/ally/Documents/johnson lab/boris training/AQ_Sctaeniopterus_TP_2021-06-14_104539_002.MP4,1192.66,23.98,No focal subject,Bite,Foraging,None|None|None,POINT,732.634,732.634,NA,,
AQ_Sctaeniopterus_TP_2021-06-14_104539,6/6/2025 14:51,,/Users/ally/Documents/johnson lab/boris training/AQ_Sctaeniopterus_TP_2021-06-14_104539_002.MP4,1192.66,23.98,No focal subject,Bite,Foraging,None|None|None,POINT,733.135,733.135,NA,,
AQ_Sctaeniopterus_TP_2021-06-14_104539,6/6/2025 14:51,,/Users/ally/Documents/johnson lab/boris training/AQ_Sctaeniopterus_TP_2021-06-14_104539_002.MP4,1192.66,23.98,No focal subject,Bite,Foraging,None|None|None,POINT,734.131,734.131,NA,,
AQ_Sctaeniopterus_TP_2021-06-14_104539,6/6/2025 14:51,,/Users/ally/Documents/johnson lab/boris training/AQ_Sctaeniopterus_TP_2021-06-14_104539_002.MP4,1192.66,23.98,No focal subject,Bite,Foraging,None|None|None,POINT,740.38,740.38,NA,,
AQ_Sctaeniopterus_TP_2021-06-14_104539,6/6/2025 14:51,,/Users/ally/Documents/johnson lab/boris training/AQ_Sctaeniopterus_TP_2021-06-14_104539_002.MP4,1192.66,23.98,No focal subject,Bite,Foraging,None|None|None,POINT,741.132,741.132,NA,,
AQ_Sctaeniopterus_TP_2021-06-14_104539,6/6/2025 14:51,,/Users/ally/Documents/johnson lab/boris training/AQ_Sctaeniopterus_TP_2021-06-14_104539_002.MP4,1192.66,23.98,No focal subject,Bite,Foraging,None|None|None,POINT,741.632,741.632,NA,,
AQ_Sctaeniopterus_TP_2021-06-14_104539,6/6/2025 14:51,,/Users/ally/Documents/johnson lab/boris training/AQ_Sctaeniopterus_TP_2021-06-14_104539_002.MP4,1192.66,23.98,No focal subject,Bite,Foraging,None|None|None,POINT,750.132,750.132,NA,,
AQ_Sctaeniopterus_TP_2021-06-14_104539,6/6/2025 14:51,,/Users/ally/Documents/johnson lab/boris training/AQ_Sctaeniopterus_TP_2021-06-14_104539_002.MP4,1192.66,23.98,No focal subject,Bite,Foraging,None|None|None,POINT,750.632,750.632,NA,,
AQ_Sctaeniopterus_TP_2021-06-14_104539,6/6/2025 14:51,,/Users/ally/Documents/johnson lab/boris training/AQ_Sctaeniopterus_TP_2021-06-14_104539_002.MP4,1192.66,23.98,No focal subject,Bite,Foraging,None|None|None,POINT,751.134,751.134,NA,,
AQ_Sctaeniopterus_TP_2021-06-14_104539,6/6/2025 14:51,,/Users/ally/Documents/johnson lab/boris training/AQ_Sctaeniopterus_TP_2021-06-14_104539_002.MP4,1192.66,23.98,No focal subject,Bite,Foraging,None|None|None,POINT,754.135,754.135,NA,,
AQ_Sctaeniopterus_TP_2021-06-14_104539,6/6/2025 14:51,,/Users/ally/Documents/johnson lab/boris training/AQ_Sctaeniopterus_TP_2021-06-14_104539_002.MP4,1192.66,23.98,No focal subject,Bite,Foraging,None|None|None,POINT,759.629,759.629,NA,,
AQ_Sctaeniopterus_TP_2021-06-14_104539,6/6/2025 14:51,,/Users/ally/Documents/johnson lab/boris training/AQ_Sctaeniopterus_TP_2021-06-14_104539_002.MP4,1192.66,23.98,No focal subject,Bite,Foraging,None|None|None,POINT,761.131,761.131,NA,,
AQ_Sctaeniopterus_TP_2021-06-14_104539,6/6/2025 14:51,,/Users/ally/Documents/johnson lab/boris training/AQ_Sctaeniopterus_TP_2021-06-14_104539_002.MP4,1192.66,23.98,No focal subject,Bite,Foraging,None|None|None,POINT,762.132,762.132,NA,,
AQ_Sctaeniopterus_TP_2021-06-14_104539,6/6/2025 14:51,,/Users/ally/Documents/johnson lab/boris training/AQ_Sctaeniopterus_TP_2021-06-14_104539_002.MP4,1192.66,23.98,No focal subject,Bite,Foraging,None|None|None,POINT,763.131,763.131,NA,,
training video set 1,6/6/2025 14:51,,/Users/ally/Documents/johnson lab/boris training/AQ_Sctaeniopterus_TP_2021-06-14_104539_002.MP4,1192.66,23.98,No focal subject,Lost Time,Time Keeping,,STATE,768.666,776.671,8.005,,
AQ_Sctaeniopterus_TP_2021-06-14_104539,6/6/2025 14:51,,/Users/ally/Documents/johnson lab/boris training/AQ_Sctaeniopterus_TP_2021-06-14_104539_002.MP4,1192.66,23.98,No focal subject,Bite,Foraging,None|None|None,POINT,807.171,807.171,NA,,
AQ_Sctaeniopterus_TP_2021-06-14_104539,6/6/2025 14:51,,/Users/ally/Documents/johnson lab/boris training/AQ_Sctaeniopterus_TP_2021-06-14_104539_002.MP4,1192.66,23.98,No focal subject,Bite,Foraging,None|None|None,POINT,810.171,810.171,NA,,
AQ_Sctaeniopterus_TP_2021-06-14_104539,6/6/2025 14:51,,/Users/ally/Documents/johnson lab/boris training/AQ_Sctaeniopterus_TP_2021-06-14_104539_002.MP4,1192.66,23.98,No focal subject,Bite,Foraging,None|None|None,POINT,811.17,811.17,NA,,
AQ_Sctaeniopterus_TP_2021-06-14_104539,6/6/2025 14:51,,/Users/ally/Documents/johnson lab/boris training/AQ_Sctaeniopterus_TP_2021-06-14_104539_002.MP4,1192.66,23.98,No focal subject,Bite,Foraging,None|None|None,POINT,812.17,812.17,NA,,
AQ_Sctaeniopterus_TP_2021-06-14_104539,6/6/2025 14:51,,/Users/ally/Documents/johnson lab/boris training/AQ_Sctaeniopterus_TP_2021-06-14_104539_002.MP4,1192.66,23.98,No focal subject,Bite,Foraging,None|None|None,POINT,813.169,813.169,NA,,
AQ_Sctaeniopterus_TP_2021-06-14_104539,6/6/2025 14:51,,/Users/ally/Documents/johnson lab/boris training/AQ_Sctaeniopterus_TP_2021-06-14_104539_002.MP4,1192.66,23.98,No focal subject,Bite,Foraging,None|None|None,POINT,814.669,814.669,NA,,
AQ_Sctaeniopterus_TP_2021-06-14_104539,6/6/2025 14:51,,/Users/ally/Documents/johnson lab/boris training/AQ_Sctaeniopterus_TP_2021-06-14_104539_002.MP4,1192.66,23.98,No focal subject,Bite,Foraging,None|None|None,POINT,816.418,816.418,NA,,
AQ_Sctaeniopterus_TP_2021-06-14_104539,6/6/2025 14:51,,/Users/ally/Documents/johnson lab/boris training/AQ_Sctaeniopterus_TP_2021-06-14_104539_002.MP4,1192.66,23.98,No focal subject,Bite,Foraging,None|None|None,POINT,817.419,817.419,NA,,
AQ_Sctaeniopterus_TP_2021-06-14_104539,6/6/2025 14:51,,/Users/ally/Documents/johnson lab/boris training/AQ_Sctaeniopterus_TP_2021-06-14_104539_002.MP4,1192.66,23.98,No focal subject,Bite,Foraging,None|None|None,POINT,818.171,818.171,NA,,
AQ_Sctaeniopterus_TP_2021-06-14_104539,6/6/2025 14:51,,/Users/ally/Documents/johnson lab/boris training/AQ_Sctaeniopterus_TP_2021-06-14_104539_002.MP4,1192.66,23.98,No focal subject,Bite,Foraging,None|None|None,POINT,823.171,823.171,NA,,
AQ_Sctaeniopterus_TP_2021-06-14_104539,6/6/2025 14:51,,/Users/ally/Documents/johnson lab/boris training/AQ_Sctaeniopterus_TP_2021-06-14_104539_002.MP4,1192.66,23.98,No focal subject,Bite,Foraging,None|None|None,POINT,823.917,823.917,NA,,
AQ_Sctaeniopterus_TP_2021-06-14_104539,6/6/2025 14:51,,/Users/ally/Documents/johnson lab/boris training/AQ_Sctaeniopterus_TP_2021-06-14_104539_002.MP4,1192.66,23.98,No focal subject,Bite,Foraging,None|None|None,POINT,826.669,826.669,NA,,
AQ_Sctaeniopterus_TP_2021-06-14_104539,6/6/2025 14:51,,/Users/ally/Documents/johnson lab/boris training/AQ_Sctaeniopterus_TP_2021-06-14_104539_002.MP4,1192.66,23.98,No focal subject,Bite,Foraging,None|None|None,POINT,828.172,828.172,NA,,
AQ_Sctaeniopterus_TP_2021-06-14_104539,6/6/2025 14:51,,/Users/ally/Documents/johnson lab/boris training/AQ_Sctaeniopterus_TP_2021-06-14_104539_002.MP4,1192.66,23.98,No focal subject,Bite,Foraging,None|None|None,POINT,829.166,829.166,NA,,
AQ_Sctaeniopterus_TP_2021-06-14_104539,6/6/2025 14:51,,/Users/ally/Documents/johnson lab/boris training/AQ_Sctaeniopterus_TP_2021-06-14_104539_002.MP4,1192.66,23.98,No focal subject,Bite,Foraging,None|None|None,POINT,830.171,830.171,NA,,
AQ_Sctaeniopterus_TP_2021-06-14_104539,6/6/2025 14:51,,/Users/ally/Documents/johnson lab/boris training/AQ_Sctaeniopterus_TP_2021-06-14_104539_002.MP4,1192.66,23.98,No focal subject,Bite,Foraging,None|None|None,POINT,831.171,831.171,NA,,
AQ_Sctaeniopterus_TP_2021-06-14_104539,6/6/2025 14:51,,/Users/ally/Documents/johnson lab/boris training/AQ_Sctaeniopterus_TP_2021-06-14_104539_002.MP4,1192.66,23.98,No focal subject,Bite,Foraging,None|None|None,POINT,833.167,833.167,NA,,
AQ_Sctaeniopterus_TP_2021-06-14_104539,6/6/2025 14:51,,/Users/ally/Documents/johnson lab/boris training/AQ_Sctaeniopterus_TP_2021-06-14_104539_002.MP4,1192.66,23.98,No focal subject,Bite,Foraging,None|None|None,POINT,856.669,856.669,NA,,
AQ_Sctaeniopterus_TP_2021-06-14_104539,6/6/2025 14:51,,/Users/ally/Documents/johnson lab/boris training/AQ_Sctaeniopterus_TP_2021-06-14_104539_002.MP4,1192.66,23.98,No focal subject,Bite,Foraging,None|None|None,POINT,857.167,857.167,NA,,
AQ_Sctaeniopterus_TP_2021-06-14_104539,6/6/2025 14:51,,/Users/ally/Documents/johnson lab/boris training/AQ_Sctaeniopterus_TP_2021-06-14_104539_002.MP4,1192.66,23.98,No focal subject,Bite,Foraging,None|None|None,POINT,864.667,864.667,NA,,
AQ_Sctaeniopterus_TP_2021-06-14_104539,6/6/2025 14:51,,/Users/ally/Documents/johnson lab/boris training/AQ_Sctaeniopterus_TP_2021-06-14_104539_002.MP4,1192.66,23.98,No focal subject,Bite,Foraging,None|None|None,POINT,870.915,870.915,NA,,
AQ_Sctaeniopterus_TP_2021-06-14_104539,6/6/2025 14:51,,/Users/ally/Documents/johnson lab/boris training/AQ_Sctaeniopterus_TP_2021-06-14_104539_002.MP4,1192.66,23.98,No focal subject,Bite,Foraging,None|None|None,POINT,873.168,873.168,NA,,
AQ_Sctaeniopterus_TP_2021-06-14_104539,6/6/2025 14:51,,/Users/ally/Documents/johnson lab/boris training/AQ_Sctaeniopterus_TP_2021-06-14_104539_002.MP4,1192.66,23.98,No focal subject,Bite,Foraging,None|None|None,POINT,873.916,873.916,NA,,
AQ_Sctaeniopterus_TP_2021-06-14_104539,6/6/2025 14:51,,/Users/ally/Documents/johnson lab/boris training/AQ_Sctaeniopterus_TP_2021-06-14_104539_002.MP4,1192.66,23.98,No focal subject,Bite,Foraging,None|None|None,POINT,876.418,876.418,NA,,
AQ_Sctaeniopterus_TP_2021-06-14_104539,6/6/2025 14:51,,/Users/ally/Documents/johnson lab/boris training/AQ_Sctaeniopterus_TP_2021-06-14_104539_002.MP4,1192.66,23.98,No focal subject,Bite,Foraging,None|None|None,POINT,879.67,879.67,NA,,
AQ_Sctaeniopterus_TP_2021-06-14_104539,6/6/2025 14:51,,/Users/ally/Documents/johnson lab/boris training/AQ_Sctaeniopterus_TP_2021-06-14_104539_002.MP4,1192.66,23.98,No focal subject,Bite,Foraging,None|None|None,POINT,880.169,880.169,NA,,
AQ_Sctaeniopterus_TP_2021-06-14_104539,6/6/2025 14:51,,/Users/ally/Documents/johnson lab/boris training/AQ_Sctaeniopterus_TP_2021-06-14_104539_002.MP4,1192.66,23.98,No focal subject,Bite,Foraging,None|None|None,POINT,880.669,880.669,NA,,
AQ_Sctaeniopterus_TP_2021-06-14_104539,6/6/2025 14:51,,/Users/ally/Documents/johnson lab/boris training/AQ_Sctaeniopterus_TP_2021-06-14_104539_002.MP4,1192.66,23.98,No focal subject,Bite,Foraging,None|None|None,POINT,881.168,881.168,NA,,
AQ_Sctaeniopterus_TP_2021-06-14_104539,6/6/2025 14:51,,/Users/ally/Documents/johnson lab/boris training/AQ_Sctaeniopterus_TP_2021-06-14_104539_002.MP4,1192.66,23.98,No focal subject,Bite,Foraging,None|None|None,POINT,881.668,881.668,NA,,
AQ_Sctaeniopterus_TP_2021-06-14_104539,6/6/2025 14:51,,/Users/ally/Documents/johnson lab/boris training/AQ_Sctaeniopterus_TP_2021-06-14_104539_002.MP4,1192.66,23.98,No focal subject,Bite,Foraging,None|None|None,POINT,882.416,882.416,NA,,
AQ_Sctaeniopterus_TP_2021-06-14_104539,6/6/2025 14:51,,/Users/ally/Documents/johnson lab/boris training/AQ_Sctaeniopterus_TP_2021-06-14_104539_002.MP4,1192.66,23.98,No focal subject,Bite,Foraging,None|None|None,POINT,883.669,883.669,NA,,
AQ_Sctaeniopterus_TP_2021-06-14_104539,6/6/2025 14:51,,/Users/ally/Documents/johnson lab/boris training/AQ_Sctaeniopterus_TP_2021-06-14_104539_002.MP4,1192.66,23.98,No focal subject,Bite,Foraging,None|None|None,POINT,885.416,885.416,NA,,
AQ_Sctaeniopterus_TP_2021-06-14_104539,6/6/2025 14:51,,/Users/ally/Documents/johnson lab/boris training/AQ_Sctaeniopterus_TP_2021-06-14_104539_002.MP4,1192.66,23.98,No focal subject,Bite,Foraging,None|None|None,POINT,892.669,892.669,NA,,
AQ_Sctaeniopterus_TP_2021-06-14_104539,6/6/2025 14:51,,/Users/ally/Documents/johnson lab/boris training/AQ_Sctaeniopterus_TP_2021-06-14_104539_002.MP4,1192.66,23.98,No focal subject,Bite,Foraging,None|None|None,POINT,894.914,894.914,NA,,
AQ_Sctaeniopterus_TP_2021-06-14_104539,6/6/2025 14:51,,/Users/ally/Documents/johnson lab/boris training/AQ_Sctaeniopterus_TP_2021-06-14_104539_002.MP4,1192.66,23.98,No focal subject,Bite,Foraging,None|None|None,POINT,895.416,895.416,NA,,
AQ_Sctaeniopterus_TP_2021-06-14_104539,6/6/2025 14:51,,/Users/ally/Documents/johnson lab/boris training/AQ_Sctaeniopterus_TP_2021-06-14_104539_002.MP4,1192.66,23.98,No focal subject,Bite,Foraging,None|None|None,POINT,896.416,896.416,NA,,
AQ_Sctaeniopterus_TP_2021-06-14_104539,6/6/2025 14:51,,/Users/ally/Documents/johnson lab/boris training/AQ_Sctaeniopterus_TP_2021-06-14_104539_002.MP4,1192.66,23.98,No focal subject,Bite,Foraging,None|None|None,POINT,897.666,897.666,NA,,
AQ_Sctaeniopterus_TP_2021-06-14_104539,6/6/2025 14:51,,/Users/ally/Documents/johnson lab/boris training/AQ_Sctaeniopterus_TP_2021-06-14_104539_002.MP4,1192.66,23.98,No focal subject,Bite,Foraging,None|None|None,POINT,899.916,899.916,NA,,
AQ_Sctaeniopterus_TP_2021-06-14_104539,6/6/2025 14:51,,/Users/ally/Documents/johnson lab/boris training/AQ_Sctaeniopterus_TP_2021-06-14_104539_002.MP4,1192.66,23.98,No focal subject,Bite,Foraging,None|None|None,POINT,901.414,901.414,NA,,
AQ_Sctaeniopterus_TP_2021-06-14_104539,6/6/2025 14:51,,/Users/ally/Documents/johnson lab/boris training/AQ_Sctaeniopterus_TP_2021-06-14_104539_002.MP4,1192.66,23.98,No focal subject,Bite,Foraging,None|None|None,POINT,910.668,910.668,NA,,
AQ_Sctaeniopterus_TP_2021-06-14_104539,6/6/2025 14:51,,/Users/ally/Documents/johnson lab/boris training/AQ_Sctaeniopterus_TP_2021-06-14_104539_002.MP4,1192.66,23.98,No focal subject,Bite,Foraging,None|None|None,POINT,911.416,911.416,NA,,
AQ_Sctaeniopterus_TP_2021-06-14_104539,6/6/2025 14:51,,/Users/ally/Documents/johnson lab/boris training/AQ_Sctaeniopterus_TP_2021-06-14_104539_002.MP4,1192.66,23.98,No focal subject,Bite,Foraging,None|None|None,POINT,912.166,912.166,NA,,
AQ_Sctaeniopterus_TP_2021-06-14_104539,6/6/2025 14:51,,/Users/ally/Documents/johnson lab/boris training/AQ_Sctaeniopterus_TP_2021-06-14_104539_002.MP4,1192.66,23.98,No focal subject,Bite,Foraging,None|None|None,POINT,913.168,913.168,NA,,
AQ_Sctaeniopterus_TP_2021-06-14_104539,6/6/2025 14:51,,/Users/ally/Documents/johnson lab/boris training/AQ_Sctaeniopterus_TP_2021-06-14_104539_002.MP4,1192.66,23.98,No focal subject,Bite,Foraging,None|None|None,POINT,914.918,914.918,NA,,
AQ_Sctaeniopterus_TP_2021-06-14_104539,6/6/2025 14:51,,/Users/ally/Documents/johnson lab/boris training/AQ_Sctaeniopterus_TP_2021-06-14_104539_002.MP4,1192.66,23.98,No focal subject,Bite,Foraging,None|None|None,POINT,915.671,915.671,NA,,
AQ_Sctaeniopterus_TP_2021-06-14_104539,6/6/2025 14:51,,/Users/ally/Documents/johnson lab/boris training/AQ_Sctaeniopterus_TP_2021-06-14_104539_002.MP4,1192.66,23.98,No focal subject,Bite,Foraging,None|None|None,POINT,916.17,916.17,NA,,
AQ_Sctaeniopterus_TP_2021-06-14_104539,6/6/2025 14:51,,/Users/ally/Documents/johnson lab/boris training/AQ_Sctaeniopterus_TP_2021-06-14_104539_002.MP4,1192.66,23.98,No focal subject,Bite,Foraging,None|None|None,POINT,929.416,929.416,NA,,
AQ_Sctaeniopterus_TP_2021-06-14_104539,6/6/2025 14:51,,/Users/ally/Documents/johnson lab/boris training/AQ_Sctaeniopterus_TP_2021-06-14_104539_002.MP4,1192.66,23.98,No focal subject,Bite,Foraging,None|None|None,POINT,930.167,930.167,NA,,
AQ_Sctaeniopterus_TP_2021-06-14_104539,6/6/2025 14:51,,/Users/ally/Documents/johnson lab/boris training/AQ_Sctaeniopterus_TP_2021-06-14_104539_002.MP4,1192.66,23.98,No focal subject,Bite,Foraging,None|None|None,POINT,931.416,931.416,NA,,
AQ_Sctaeniopterus_TP_2021-06-14_104539,6/6/2025 14:51,,/Users/ally/Documents/johnson lab/boris training/AQ_Sctaeniopterus_TP_2021-06-14_104539_002.MP4,1192.66,23.98,No focal subject,Bite,Foraging,None|None|None,POINT,931.915,931.915,NA,,
AQ_Sctaeniopterus_TP_2021-06-14_104539,6/6/2025 14:51,,/Users/ally/Documents/johnson lab/boris training/AQ_Sctaeniopterus_TP_2021-06-14_104539_002.MP4,1192.66,23.98,No focal subject,Bite,Foraging,None|None|None,POINT,932.916,932.916,NA,,
AQ_Sctaeniopterus_TP_2021-06-14_104539,6/6/2025 14:51,,/Users/ally/Documents/johnson lab/boris training/AQ_Sctaeniopterus_TP_2021-06-14_104539_002.MP4,1192.66,23.98,No focal subject,Bite,Foraging,None|None|None,POINT,933.917,933.917,NA,,
AQ_Sctaeniopterus_TP_2021-06-14_104539,6/6/2025 14:51,,/Users/ally/Documents/johnson lab/boris training/AQ_Sctaeniopterus_TP_2021-06-14_104539_002.MP4,1192.66,23.98,No focal subject,Bite,Foraging,None|None|None,POINT,940.668,940.668,NA,,
AQ_Sctaeniopterus_TP_2021-06-14_104539,6/6/2025 14:51,,/Users/ally/Documents/johnson lab/boris training/AQ_Sctaeniopterus_TP_2021-06-14_104539_002.MP4,1192.66,23.98,No focal subject,Bite,Foraging,None|None|None,POINT,943.168,943.168,NA,,
AQ_Sctaeniopterus_TP_2021-06-14_104539,6/6/2025 14:51,,/Users/ally/Documents/johnson lab/boris training/AQ_Sctaeniopterus_TP_2021-06-14_104539_002.MP4,1192.66,23.98,No focal subject,Bite,Foraging,None|None|None,POINT,960.168,960.168,NA,,
AQ_Sctaeniopterus_TP_2021-06-14_104539,6/6/2025 14:51,,/Users/ally/Documents/johnson lab/boris training/AQ_Sctaeniopterus_TP_2021-06-14_104539_002.MP4,1192.66,23.98,No focal subject,Bite,Foraging,None|None|None,POINT,961.667,961.667,NA,,
AQ_Sctaeniopterus_TP_2021-06-14_104539,6/6/2025 14:51,,/Users/ally/Documents/johnson lab/boris training/AQ_Sctaeniopterus_TP_2021-06-14_104539_002.MP4,1192.66,23.98,No focal subject,Bite,Foraging,None|None|None,POINT,964.166,964.166,NA,,
AQ_Sctaeniopterus_TP_2021-06-14_104539,6/6/2025 14:51,,/Users/ally/Documents/johnson lab/boris training/AQ_Sctaeniopterus_TP_2021-06-14_104539_002.MP4,1192.66,23.98,No focal subject,Bite,Foraging,None|None|None,POINT,965.669,965.669,NA,,
AQ_Sctaeniopterus_TP_2021-06-14_104539,6/6/2025 14:51,,/Users/ally/Documents/johnson lab/boris training/AQ_Sctaeniopterus_TP_2021-06-14_104539_002.MP4,1192.66,23.98,No focal subject,Bite,Foraging,None|None|None,POINT,967.417,967.417,NA,,
AQ_Sctaeniopterus_TP_2021-06-14_104539,6/6/2025 14:51,,/Users/ally/Documents/johnson lab/boris training/AQ_Sctaeniopterus_TP_2021-06-14_104539_002.MP4,1192.66,23.98,No focal subject,Bite,Foraging,None|None|None,POINT,968.167,968.167,NA,,
training video set 1,6/6/2025 14:51,,/Users/ally/Documents/johnson lab/boris training/AQ_Sctaeniopterus_TP_2021-06-14_104539_002.MP4,1192.66,23.98,No focal subject,Lost Time,Time Keeping,,STATE,970.416,979.416,9,,
AQ_Sctaeniopterus_TP_2021-06-14_104539,6/6/2025 14:51,,/Users/ally/Documents/johnson lab/boris training/AQ_Sctaeniopterus_TP_2021-06-14_104539_002.MP4,1192.66,23.98,No focal subject,Bite,Foraging,None|None|None,POINT,979.916,979.916,NA,,
AQ_Sctaeniopterus_TP_2021-06-14_104539,6/6/2025 14:51,,/Users/ally/Documents/johnson lab/boris training/AQ_Sctaeniopterus_TP_2021-06-14_104539_002.MP4,1192.66,23.98,No focal subject,Bite,Foraging,None|None|None,POINT,997.917,997.917,NA,,
AQ_Sctaeniopterus_TP_2021-06-14_104539,6/6/2025 14:51,,/Users/ally/Documents/johnson lab/boris training/AQ_Sctaeniopterus_TP_2021-06-14_104539_002.MP4,1192.66,23.98,No focal subject,Bite,Foraging,None|None|None,POINT,998.418,998.418,NA,,
AQ_Sctaeniopterus_TP_2021-06-14_104539,6/6/2025 14:51,,/Users/ally/Documents/johnson lab/boris training/AQ_Sctaeniopterus_TP_2021-06-14_104539_002.MP4,1192.66,23.98,No focal subject,Bite,Foraging,None|None|None,POINT,999.168,999.168,NA,,
AQ_Sctaeniopterus_TP_2021-06-14_104539,6/6/2025 14:51,,/Users/ally/Documents/johnson lab/boris training/AQ_Sctaeniopterus_TP_2021-06-14_104539_002.MP4,1192.66,23.98,No focal subject,Bite,Foraging,None|None|None,POINT,999.67,999.67,NA,,
AQ_Sctaeniopterus_TP_2021-06-14_104539,6/6/2025 14:51,,/Users/ally/Documents/johnson lab/boris training/AQ_Sctaeniopterus_TP_2021-06-14_104539_002.MP4,1192.66,23.98,No focal subject,Bite,Foraging,None|None|None,POINT,1003.667,1003.667,NA,,
AQ_Sctaeniopterus_TP_2021-06-14_104539,6/6/2025 14:51,,/Users/ally/Documents/johnson lab/boris training/AQ_Sctaeniopterus_TP_2021-06-14_104539_002.MP4,1192.66,23.98,No focal subject,Bite,Foraging,None|None|None,POINT,1006.167,1006.167,NA,,
AQ_Sctaeniopterus_TP_2021-06-14_104539,6/6/2025 14:51,,/Users/ally/Documents/johnson lab/boris training/AQ_Sctaeniopterus_TP_2021-06-14_104539_002.MP4,1192.66,23.98,No focal subject,Bite,Foraging,None|None|None,POINT,1007.419,1007.419,NA,,
AQ_Sctaeniopterus_TP_2021-06-14_104539,6/6/2025 14:51,,/Users/ally/Documents/johnson lab/boris training/AQ_Sctaeniopterus_TP_2021-06-14_104539_002.MP4,1192.66,23.98,No focal subject,Bite,Foraging,None|None|None,POINT,1014.919,1014.919,NA,,
AQ_Sctaeniopterus_TP_2021-06-14_104539,6/6/2025 14:51,,/Users/ally/Documents/johnson lab/boris training/AQ_Sctaeniopterus_TP_2021-06-14_104539_002.MP4,1192.66,23.98,No focal subject,Bite,Foraging,None|None|None,POINT,1015.666,1015.666,NA,,
AQ_Sctaeniopterus_TP_2021-06-14_104539,6/6/2025 14:51,,/Users/ally/Documents/johnson lab/boris training/AQ_Sctaeniopterus_TP_2021-06-14_104539_002.MP4,1192.66,23.98,No focal subject,Bite,Foraging,None|None|None,POINT,1019.919,1019.919,NA,,
AQ_Sctaeniopterus_TP_2021-06-14_104539,6/6/2025 14:51,,/Users/ally/Documents/johnson lab/boris training/AQ_Sctaeniopterus_TP_2021-06-14_104539_002.MP4,1192.66,23.98,No focal subject,Bite,Foraging,None|None|None,POINT,1020.418,1020.418,NA,,
AQ_Sctaeniopterus_TP_2021-06-14_104539,6/6/2025 14:51,,/Users/ally/Documents/johnson lab/boris training/AQ_Sctaeniopterus_TP_2021-06-14_104539_002.MP4,1192.66,23.98,No focal subject,Bite,Foraging,None|None|None,POINT,1020.913,1020.913,NA,,
AQ_Sctaeniopterus_TP_2021-06-14_104539,6/6/2025 14:51,,/Users/ally/Documents/johnson lab/boris training/AQ_Sctaeniopterus_TP_2021-06-14_104539_002.MP4,1192.66,23.98,No focal subject,Bite,Foraging,None|None|None,POINT,1021.417,1021.417,NA,,
AQ_Sctaeniopterus_TP_2021-06-14_104539,6/6/2025 14:51,,/Users/ally/Documents/johnson lab/boris training/AQ_Sctaeniopterus_TP_2021-06-14_104539_002.MP4,1192.66,23.98,No focal subject,Bite,Foraging,None|None|None,POINT,1022.165,1022.165,NA,,
AQ_Sctaeniopterus_TP_2021-06-14_104539,6/6/2025 14:51,,/Users/ally/Documents/johnson lab/boris training/AQ_Sctaeniopterus_TP_2021-06-14_104539_002.MP4,1192.66,23.98,No focal subject,Bite,Foraging,None|None|None,POINT,1022.917,1022.917,NA,,
AQ_Sctaeniopterus_TP_2021-06-14_104539,6/6/2025 14:51,,/Users/ally/Documents/johnson lab/boris training/AQ_Sctaeniopterus_TP_2021-06-14_104539_002.MP4,1192.66,23.98,No focal subject,Bite,Foraging,None|None|None,POINT,1024.415,1024.415,NA,,
AQ_Sctaeniopterus_TP_2021-06-14_104539,6/6/2025 14:51,,/Users/ally/Documents/johnson lab/boris training/AQ_Sctaeniopterus_TP_2021-06-14_104539_002.MP4,1192.66,23.98,No focal subject,Bite,Foraging,None|None|None,POINT,1025.919,1025.919,NA,,
AQ_Sctaeniopterus_TP_2021-06-14_104539,6/6/2025 14:51,,/Users/ally/Documents/johnson lab/boris training/AQ_Sctaeniopterus_TP_2021-06-14_104539_002.MP4,1192.66,23.98,No focal subject,Bite,Foraging,None|None|None,POINT,1027.665,1027.665,NA,,
AQ_Sctaeniopterus_TP_2021-06-14_104539,6/6/2025 14:51,,/Users/ally/Documents/johnson lab/boris training/AQ_Sctaeniopterus_TP_2021-06-14_104539_002.MP4,1192.66,23.98,No focal subject,Bite,Foraging,None|None|None,POINT,1028.416,1028.416,NA,,
AQ_Sctaeniopterus_TP_2021-06-14_104539,6/6/2025 14:51,,/Users/ally/Documents/johnson lab/boris training/AQ_Sctaeniopterus_TP_2021-06-14_104539_002.MP4,1192.66,23.98,No focal subject,Bite,Foraging,None|None|None,POINT,1030.417,1030.417,NA,,
AQ_Sctaeniopterus_TP_2021-06-14_104539,6/6/2025 14:51,,/Users/ally/Documents/johnson lab/boris training/AQ_Sctaeniopterus_TP_2021-06-14_104539_002.MP4,1192.66,23.98,No focal subject,Bite,Foraging,None|None|None,POINT,1045.417,1045.417,NA,,
AQ_Sctaeniopterus_TP_2021-06-14_104539,6/6/2025 14:51,,/Users/ally/Documents/johnson lab/boris training/AQ_Sctaeniopterus_TP_2021-06-14_104539_002.MP4,1192.66,23.98,No focal subject,Bite,Foraging,None|None|None,POINT,1046.165,1046.165,NA,,
AQ_Sctaeniopterus_TP_2021-06-14_104539,6/6/2025 14:51,,/Users/ally/Documents/johnson lab/boris training/AQ_Sctaeniopterus_TP_2021-06-14_104539_002.MP4,1192.66,23.98,No focal subject,Bite,Foraging,None|None|None,POINT,1049.167,1049.167,NA,,
AQ_Sctaeniopterus_TP_2021-06-14_104539,6/6/2025 14:51,,/Users/ally/Documents/johnson lab/boris training/AQ_Sctaeniopterus_TP_2021-06-14_104539_002.MP4,1192.66,23.98,No focal subject,Bite,Foraging,None|None|None,POINT,1050.167,1050.167,NA,,
AQ_Sctaeniopterus_TP_2021-06-14_104539,6/6/2025 14:51,,/Users/ally/Documents/johnson lab/boris training/AQ_Sctaeniopterus_TP_2021-06-14_104539_002.MP4,1192.66,23.98,No focal subject,Bite,Foraging,None|None|None,POINT,1051.919,1051.919,NA,,
AQ_Sctaeniopterus_TP_2021-06-14_104539,6/6/2025 14:51,,/Users/ally/Documents/johnson lab/boris training/AQ_Sctaeniopterus_TP_2021-06-14_104539_002.MP4,1192.66,23.98,No focal subject,Bite,Foraging,None|None|None,POINT,1056.918,1056.918,NA,,
AQ_Sctaeniopterus_TP_2021-06-14_104539,6/6/2025 14:51,,/Users/ally/Documents/johnson lab/boris training/AQ_Sctaeniopterus_TP_2021-06-14_104539_002.MP4,1192.66,23.98,No focal subject,Bite,Foraging,None|None|None,POINT,1057.416,1057.416,NA,,
AQ_Sctaeniopterus_TP_2021-06-14_104539,6/6/2025 14:51,,/Users/ally/Documents/johnson lab/boris training/AQ_Sctaeniopterus_TP_2021-06-14_104539_002.MP4,1192.66,23.98,No focal subject,Bite,Foraging,None|None|None,POINT,1058.417,1058.417,NA,,
AQ_Sctaeniopterus_TP_2021-06-14_104539,6/6/2025 14:51,,/Users/ally/Documents/johnson lab/boris training/AQ_Sctaeniopterus_TP_2021-06-14_104539_002.MP4,1192.66,23.98,No focal subject,Bite,Foraging,None|None|None,POINT,1059.165,1059.165,NA,,
AQ_Sctaeniopterus_TP_2021-06-14_104539,6/6/2025 14:51,,/Users/ally/Documents/johnson lab/boris training/AQ_Sctaeniopterus_TP_2021-06-14_104539_002.MP4,1192.66,23.98,No focal subject,Bite,Foraging,None|None|None,POINT,1059.666,1059.666,NA,,
AQ_Sctaeniopterus_TP_2021-06-14_104539,6/6/2025 14:51,,/Users/ally/Documents/johnson lab/boris training/AQ_Sctaeniopterus_TP_2021-06-14_104539_002.MP4,1192.66,23.98,No focal subject,Bite,Foraging,None|None|None,POINT,1060.917,1060.917,NA,,
AQ_Sctaeniopterus_TP_2021-06-14_104539,6/6/2025 14:51,,/Users/ally/Documents/johnson lab/boris training/AQ_Sctaeniopterus_TP_2021-06-14_104539_002.MP4,1192.66,23.98,No focal subject,Bite,Foraging,None|None|None,POINT,1061.666,1061.666,NA,,
AQ_Sctaeniopterus_TP_2021-06-14_104539,6/6/2025 14:51,,/Users/ally/Documents/johnson lab/boris training/AQ_Sctaeniopterus_TP_2021-06-14_104539_002.MP4,1192.66,23.98,No focal subject,Bite,Foraging,None|None|None,POINT,1064.666,1064.666,NA,,
AQ_Sctaeniopterus_TP_2021-06-14_104539,6/6/2025 14:51,,/Users/ally/Documents/johnson lab/boris training/AQ_Sctaeniopterus_TP_2021-06-14_104539_002.MP4,1192.66,23.98,No focal subject,Bite,Foraging,None|None|None,POINT,1065.414,1065.414,NA,,
AQ_Sctaeniopterus_TP_2021-06-14_104539,6/6/2025 14:51,,/Users/ally/Documents/johnson lab/boris training/AQ_Sctaeniopterus_TP_2021-06-14_104539_002.MP4,1192.66,23.98,No focal subject,Bite,Foraging,None|None|None,POINT,1073.415,1073.415,NA,,
AQ_Sctaeniopterus_TP_2021-06-14_104539,6/6/2025 14:51,,/Users/ally/Documents/johnson lab/boris training/AQ_Sctaeniopterus_TP_2021-06-14_104539_002.MP4,1192.66,23.98,No focal subject,Bite,Foraging,None|None|None,POINT,1074.166,1074.166,NA,,
AQ_Sctaeniopterus_TP_2021-06-14_104539,6/6/2025 14:51,,/Users/ally/Documents/johnson lab/boris training/AQ_Sctaeniopterus_TP_2021-06-14_104539_002.MP4,1192.66,23.98,No focal subject,Bite,Foraging,None|None|None,POINT,1075.918,1075.918,NA,,
AQ_Sctaeniopterus_TP_2021-06-14_104539,6/6/2025 14:51,,/Users/ally/Documents/johnson lab/boris training/AQ_Sctaeniopterus_TP_2021-06-14_104539_002.MP4,1192.66,23.98,No focal subject,Bite,Foraging,None|None|None,POINT,1077.166,1077.166,NA,,
AQ_Sctaeniopterus_TP_2021-06-14_104539,6/6/2025 14:51,,/Users/ally/Documents/johnson lab/boris training/AQ_Sctaeniopterus_TP_2021-06-14_104539_002.MP4,1192.66,23.98,No focal subject,Bite,Foraging,None|None|None,POINT,1078.166,1078.166,NA,,
AQ_Sctaeniopterus_TP_2021-06-14_104539,6/6/2025 14:51,,/Users/ally/Documents/johnson lab/boris training/AQ_Sctaeniopterus_TP_2021-06-14_104539_002.MP4,1192.66,23.98,No focal subject,Bite,Foraging,None|None|None,POINT,1079.918,1079.918,NA,,
AQ_Sctaeniopterus_TP_2021-06-14_104539,6/6/2025 14:51,,/Users/ally/Documents/johnson lab/boris training/AQ_Sctaeniopterus_TP_2021-06-14_104539_002.MP4,1192.66,23.98,No focal subject,Bite,Foraging,None|None|None,POINT,1080.666,1080.666,NA,,
AQ_Sctaeniopterus_TP_2021-06-14_104539,6/6/2025 14:51,,/Users/ally/Documents/johnson lab/boris training/AQ_Sctaeniopterus_TP_2021-06-14_104539_002.MP4,1192.66,23.98,No focal subject,Bite,Foraging,None|None|None,POINT,1083.418,1083.418,NA,,
AQ_Sctaeniopterus_TP_2021-06-14_104539,6/6/2025 14:51,,/Users/ally/Documents/johnson lab/boris training/AQ_Sctaeniopterus_TP_2021-06-14_104539_002.MP4,1192.66,23.98,No focal subject,Bite,Foraging,None|None|None,POINT,1084.668,1084.668,NA,,
AQ_Sctaeniopterus_TP_2021-06-14_104539,6/6/2025 14:51,,/Users/ally/Documents/johnson lab/boris training/AQ_Sctaeniopterus_TP_2021-06-14_104539_002.MP4,1192.66,23.98,No focal subject,Bite,Foraging,None|None|None,POINT,1085.416,1085.416,NA,,
AQ_Sctaeniopterus_TP_2021-06-14_104539,6/6/2025 14:51,,/Users/ally/Documents/johnson lab/boris training/AQ_Sctaeniopterus_TP_2021-06-14_104539_002.MP4,1192.66,23.98,No focal subject,Bite,Foraging,None|None|None,POINT,1086.419,1086.419,NA,,
AQ_Sctaeniopterus_TP_2021-06-14_104539,6/6/2025 14:51,,/Users/ally/Documents/johnson lab/boris training/AQ_Sctaeniopterus_TP_2021-06-14_104539_002.MP4,1192.66,23.98,No focal subject,Bite,Foraging,None|None|None,POINT,1087.668,1087.668,NA,,
AQ_Sctaeniopterus_TP_2021-06-14_104539,6/6/2025 14:51,,/Users/ally/Documents/johnson lab/boris training/AQ_Sctaeniopterus_TP_2021-06-14_104539_002.MP4,1192.66,23.98,No focal subject,Bite,Foraging,None|None|None,POINT,1088.916,1088.916,NA,,
AQ_Sctaeniopterus_TP_2021-06-14_104539,6/6/2025 14:51,,/Users/ally/Documents/johnson lab/boris training/AQ_Sctaeniopterus_TP_2021-06-14_104539_002.MP4,1192.66,23.98,No focal subject,Bite,Foraging,None|None|None,POINT,1090.418,1090.418,NA,,
AQ_Sctaeniopterus_TP_2021-06-14_104539,6/6/2025 14:51,,/Users/ally/Documents/johnson lab/boris training/AQ_Sctaeniopterus_TP_2021-06-14_104539_002.MP4,1192.66,23.98,No focal subject,Bite,Foraging,None|None|None,POINT,1094.167,1094.167,NA,,
AQ_Sctaeniopterus_TP_2021-06-14_104539,6/6/2025 14:51,,/Users/ally/Documents/johnson lab/boris training/AQ_Sctaeniopterus_TP_2021-06-14_104539_002.MP4,1192.66,23.98,No focal subject,Bite,Foraging,None|None|None,POINT,1120.667,1120.667,NA,,
AQ_Sctaeniopterus_TP_2021-06-14_104539,6/6/2025 14:51,,/Users/ally/Documents/johnson lab/boris training/AQ_Sctaeniopterus_TP_2021-06-14_104539_002.MP4,1192.66,23.98,No focal subject,Bite,Foraging,None|None|None,POINT,1121.667,1121.667,NA,,
AQ_Sctaeniopterus_TP_2021-06-14_104539,6/6/2025 14:51,,/Users/ally/Documents/johnson lab/boris training/AQ_Sctaeniopterus_TP_2021-06-14_104539_002.MP4,1192.66,23.98,No focal subject,Bite,Foraging,None|None|None,POINT,1122.417,1122.417,NA,,
AQ_Sctaeniopterus_TP_2021-06-14_104539,6/6/2025 14:51,,/Users/ally/Documents/johnson lab/boris training/AQ_Sctaeniopterus_TP_2021-06-14_104539_002.MP4,1192.66,23.98,No focal subject,Bite,Foraging,None|None|None,POINT,1122.918,1122.918,NA,,
AQ_Sctaeniopterus_TP_2021-06-14_104539,6/6/2025 14:51,,/Users/ally/Documents/johnson lab/boris training/AQ_Sctaeniopterus_TP_2021-06-14_104539_002.MP4,1192.66,23.98,No focal subject,Bite,Foraging,None|None|None,POINT,1123.667,1123.667,NA,,
AQ_Sctaeniopterus_TP_2021-06-14_104539,6/6/2025 14:51,,/Users/ally/Documents/johnson lab/boris training/AQ_Sctaeniopterus_TP_2021-06-14_104539_002.MP4,1192.66,23.98,No focal subject,Bite,Foraging,None|None|None,POINT,1124.418,1124.418,NA,,
AQ_Sctaeniopterus_TP_2021-06-14_104539,6/6/2025 14:51,,/Users/ally/Documents/johnson lab/boris training/AQ_Sctaeniopterus_TP_2021-06-14_104539_002.MP4,1192.66,23.98,No focal subject,Bite,Foraging,None|None|None,POINT,1125.667,1125.667,NA,,
AQ_Sctaeniopterus_TP_2021-06-14_104539,6/6/2025 14:51,,/Users/ally/Documents/johnson lab/boris training/AQ_Sctaeniopterus_TP_2021-06-14_104539_002.MP4,1192.66,23.98,No focal subject,Bite,Foraging,None|None|None,POINT,1126.419,1126.419,NA,,
AQ_Sctaeniopterus_TP_2021-06-14_104539,6/6/2025 14:51,,/Users/ally/Documents/johnson lab/boris training/AQ_Sctaeniopterus_TP_2021-06-14_104539_002.MP4,1192.66,23.98,No focal subject,Bite,Foraging,None|None|None,POINT,1127.667,1127.667,NA,,
AQ_Sctaeniopterus_TP_2021-06-14_104539,6/6/2025 14:51,,/Users/ally/Documents/johnson lab/boris training/AQ_Sctaeniopterus_TP_2021-06-14_104539_002.MP4,1192.66,23.98,No focal subject,Bite,Foraging,None|None|None,POINT,1141.666,1141.666,NA,,
AQ_Sctaeniopterus_TP_2021-06-14_104539,6/6/2025 14:51,,/Users/ally/Documents/johnson lab/boris training/AQ_Sctaeniopterus_TP_2021-06-14_104539_002.MP4,1192.66,23.98,No focal subject,Bite,Foraging,None|None|None,POINT,1144.167,1144.167,NA,,
AQ_Sctaeniopterus_TP_2021-06-14_104539,6/6/2025 14:51,,/Users/ally/Documents/johnson lab/boris training/AQ_Sctaeniopterus_TP_2021-06-14_104539_002.MP4,1192.66,23.98,No focal subject,Bite,Foraging,None|None|None,POINT,1154.418,1154.418,NA,,
AQ_Sctaeniopterus_TP_2021-06-14_104539,6/6/2025 14:51,,/Users/ally/Documents/johnson lab/boris training/AQ_Sctaeniopterus_TP_2021-06-14_104539_002.MP4,1192.66,23.98,No focal subject,Bite,Foraging,None|None|None,POINT,1155.167,1155.167,NA,,
AQ_Sctaeniopterus_TP_2021-06-14_104539,6/6/2025 14:51,,/Users/ally/Documents/johnson lab/boris training/AQ_Sctaeniopterus_TP_2021-06-14_104539_002.MP4,1192.66,23.98,No focal subject,Bite,Foraging,None|None|None,POINT,1155.917,1155.917,NA,,
AQ_Sctaeniopterus_TP_2021-06-14_104539,6/6/2025 14:51,,/Users/ally/Documents/johnson lab/boris training/AQ_Sctaeniopterus_TP_2021-06-14_104539_002.MP4,1192.66,23.98,No focal subject,Bite,Foraging,None|None|None,POINT,1156.666,1156.666,NA,,
AQ_Sctaeniopterus_TP_2021-06-14_104539,6/6/2025 14:51,,/Users/ally/Documents/johnson lab/boris training/AQ_Sctaeniopterus_TP_2021-06-14_104539_002.MP4,1192.66,23.98,No focal subject,Bite,Foraging,None|None|None,POINT,1158.167,1158.167,NA,,
AQ_Sctaeniopterus_TP_2021-06-14_104539,6/6/2025 14:51,,/Users/ally/Documents/johnson lab/boris training/AQ_Sctaeniopterus_TP_2021-06-14_104539_002.MP4,1192.66,23.98,No focal subject,Bite,Foraging,None|None|None,POINT,1158.917,1158.917,NA,,
AQ_Sctaeniopterus_TP_2021-06-14_104539,6/6/2025 14:51,,/Users/ally/Documents/johnson lab/boris training/AQ_Sctaeniopterus_TP_2021-06-14_104539_002.MP4,1192.66,23.98,No focal subject,Bite,Foraging,None|None|None,POINT,1160.667,1160.667,NA,,
AQ_Sctaeniopterus_TP_2021-06-14_104539,6/6/2025 14:51,,/Users/ally/Documents/johnson lab/boris training/AQ_Sctaeniopterus_TP_2021-06-14_104539_002.MP4,1192.66,23.98,No focal subject,Bite,Foraging,None|None|None,POINT,1179.666,1179.666,NA,,
AQ_Sctaeniopterus_TP_2021-06-14_104539,6/6/2025 14:51,,/Users/ally/Documents/johnson lab/boris training/AQ_Sctaeniopterus_TP_2021-06-14_104539_002.MP4,1192.66,23.98,No focal subject,Bite,Foraging,None|None|None,POINT,1180.167,1180.167,NA,,
AQ_Sctaeniopterus_TP_2021-06-14_104539,6/6/2025 14:51,,/Users/ally/Documents/johnson lab/boris training/AQ_Sctaeniopterus_TP_2021-06-14_104539_002.MP4,1192.66,23.98,No focal subject,Bite,Foraging,None|None|None,POINT,1180.917,1180.917,NA,,
training video set 1,6/6/2025 14:51,,/Users/ally/Documents/johnson lab/boris training/AQ_Sctaeniopterus_TP_2021-06-14_104539_002.MP4,1192.66,23.98,No focal subject,Watch Time,Time Keeping,104527,POINT,1190.353,1190.353,NA,,
